1.545,0.8899999999999999,0.0,0.0
2.8021080313642868,4.361803189968455,-92.0,0.8419409739543852
2.8021080313642868,4.361803189968455,-92.0,0.8394000779619251
2.8021080313642868,4.361803189968455,-92.0,0.8392676809930848
2.8021080313642868,4.361803189968455,-92.0,0.8437940641511339
2.7992024109319296,4.354798897630294,-92.0,0.8455019141159548
2.796006224349156,4.359499108133008,-91.5,0.8389407550990788
2.796006224349156,4.359499108133008,-91.5,0.8310369588206589
2.80282714432152,4.369488324406703,-92.0,0.8377059758224455
2.8000225619657604,4.356807832073572,-92.5,0.8396973947620017
2.8000225619657604,4.356807832073572,-92.5,0.8391179542164574
2.778339012171905,4.364175422012338,-92.0,0.8307725881566332
2.799930495941826,4.362925617626421,-92.0,0.8415871939244179
2.7348958392804783,4.369662818540151,-91.3507075430361,0.8305666549492787
2.71026914713476,4.36923845851948,-94.5,0.82122938953037
2.6439653697390586,4.371472023163701,-96.5,0.7996281120400034
2.573181339296923,4.366061719602355,-100.5,0.8694553150704595
2.511929397427952,4.369975638103611,-109.0,0.8198499398335395
2.4386166735679944,4.366060853092892,-129.5,0.7309110689888964
2.473353199755243,3.8782247083176586,116.5,0.7077368946096748
2.528089535859865,3.9195473420591016,120.5,0.7343571155993394
2.3193100626631624,4.543659315133501,-115.5,0.7768685126736061
2.4848166015973545,3.899109729718157,116.0,0.7519945104434229
2.3275273601205564,4.498263386713559,-134.5,0.7148704239732239
2.295606445934236,4.559834324480215,-104.5,0.8494647795369874
2.2673183929211187,4.5797294082337165,-94.0,0.9150399047124175
2.2617287309212406,4.58047456522499,-88.0,0.8646743311623782
2.264489286799397,4.592285993374019,-82.5,0.8870038406374349
2.2038939531303168,4.584444597788679,-77.0,0.8878568482024178
2.136996117192562,4.567755409062391,-77.5,0.8843086000743527
2.0860913136720725,4.5592553716277,-77.0,0.8915739532253469
2.0330567182811614,4.5355600020083395,-77.5,0.865061216402803
1.973730751904025,4.524380678028963,-74.0,0.925361101380537
1.936296118005303,4.506753365729453,-67.0,0.9075936673173384
1.892157362351985,4.508309643181015,-54.5,0.9019291744093683
1.8119707584121527,4.434159437379842,-51.5,0.9096057555341985
1.8583637696430773,4.4740049512417865,-51.5,0.8827188426876943
1.7507062836178753,4.381065923179203,-50.5,0.904674431827864
1.7019278941622025,4.370629020088628,-50.5,0.8157506617267707
1.6669871590630576,4.340147915038019,-51.5,0.858932007347255
1.6498767784010369,4.323886322667778,-53.5,0.8580582039157154
1.4232933418937208,4.205336479434963,-88.5,0.7586165367815473
1.5357687555499284,4.250554021228522,-73.0,0.802122440451887
1.4017037920510547,4.214455620779796,-89.0,0.7494443826266797
1.3403188320078938,4.205681498711968,-88.0,0.7236313635337465
1.2545545234686462,4.217546541250332,-87.0,0.7296812174014984
1.2388109007524262,4.204501984191098,-88.5,0.8120708488328459
1.1757127284060596,4.194616787285028,-89.0,0.8485659305972493
1.1331191366132785,4.183123507747394,-89.0,0.8229828855019008
1.0980407174714737,4.188840953522544,-89.0,0.7625082728235917
1.0395014666463118,4.182663007232098,-87.0,0.7441040672575004
1.012816982186902,4.184407421268388,-86.0,0.8360555968392063
0.9930447246550275,4.182525652046583,-82.0,0.7671436287237207
0.9458016531914707,4.174326090335611,-74.5,0.8468487618482704
0.9326470423443088,4.169508412292506,-68.5,0.8269998672195333
0.8788838712150981,4.179167729919296,-61.0,0.8121093881598918
0.7784094713353911,4.115092844376847,-22.0,0.7922115176278
0.7688973571095973,4.092303539625404,-14.5,0.837869173274026
0.7487504764789793,4.037047953740663,-14.0,0.7853503834425012
0.7189734527908157,3.8350260600798873,-13.0,0.83269315868756
0.7314699461225652,3.9880240921635677,-14.0,0.8350132759467901
0.7277172925553363,3.931197049889011,-13.0,0.836608177417092
0.7250909359220477,3.885016711083236,-13.0,0.8143911586980489
0.7038467659872991,3.7817022930079642,-12.5,0.850980014569351
0.6847827680601342,3.7267702205444837,-13.5,0.7742386879104823
0.6839388080727685,3.6469645274512015,-12.0,0.8222235300386017
0.6582604570748644,3.592911206213181,-11.0,0.7984496757161237
0.6519101745396408,3.53786901721545,-11.0,0.8080158649982122
0.6506220711326307,3.490986661083157,-11.0,0.7562135314551256
0.6241351469267908,3.392821224809087,-10.0,0.7598944527664505
0.626612474007568,3.4003820032222944,-10.0,0.7502790834297816
0.6200335642867854,3.3050906281890167,-9.5,0.7633797692404086
0.5968575976179639,3.2803018189383533,-9.0,0.7482353028873201
0.605910136007983,3.1880805754127346,-9.0,0.7469867292402923
0.5871897582450466,3.065747439196759,-8.5,0.7960272624796677
0.5227533180418751,2.9208078973137312,-6.5,0.7017017559154796
0.5813181565050305,3.137260703066874,-9.0,0.774205243827248
0.5786994067782598,3.0047123625629193,-8.5,0.7495232217693603
0.5300617062951235,2.890986170161191,-7.0,0.7624852789900881
0.5103787515560807,2.8026030170651004,-6.5,0.7597863225538483
0.5166490297289106,2.7453661813375003,-6.0,0.7464357714927374
0.5050275828048049,2.6603359411313603,-5.5,0.7151841416251901
0.5079259500931379,2.59914791446051,-6.0,0.711089592536702
0.5126490565439403,2.531224009089751,-5.5,0.7177691574555322
0.4821903731667054,2.4599466922413344,-4.5,0.6744665695590966
0.47998111537542,2.400500809174006,-4.0,0.6312244313377692
0.48668710248571684,2.3239014987803537,-4.5,0.7034224250831369
0.4950781053525904,2.2617521508587934,-4.5,0.6919764430481704
0.49301064115746046,2.1981695284765967,-4.5,0.7074805892813754
0.5149578998734204,2.073109862698826,-30.5,0.8404023477565844
0.44070068655073413,1.9536356121679228,-30.0,0.7616440173541069
0.47279752824567234,2.1338574982903937,-6.0,0.758064449353381
0.5219046472103744,2.1167639938691503,-19.5,0.7957719145492526
0.49329582051724413,2.0252049494982476,-29.0,0.813939768780788
0.4209858380704727,1.8972144640226396,-28.0,0.8304276240803161
0.3950919418708623,1.8478179017066263,-27.5,0.8076097288090254
0.374743097978715,1.811216984458264,-27.0,0.8439378965177484
0.3625329591420968,1.7503048503777152,-25.5,0.8471164600221862
0.33141659403545387,1.7191117760031382,-17.0,0.8251648973769562
0.33046779088169687,1.71811593535563,-2.0,0.722375975393504
0.3319520335785958,1.6654493273721283,10.5,0.629073918710996
0.3319071404160119,1.6041037392543886,11.0,0.6475138834747409
0.3319071404160119,1.6041037392543886,3.0,0.6591285909513603
0.33562161764068604,1.6202033388318722,9.0,0.6150070949582218
0.33065994580320257,1.6053641234727298,3.5,0.6268775488060755
0.33065994580320257,1.6053641234727298,3.5,0.7058263547602317
0.3396606263608017,1.5843905300989758,2.0,0.682741988582143
0.3270999917147063,1.4973086830670188,4.5,0.7751716315974416
0.3379649289692788,1.2766307632710143,7.0,0.7737331730533236
0.40022246942916295,1.0098075997736204,7.0,0.7850304468457119
0.421420439067048,0.8925881240611353,21.0,0.6997109032716048
0.3935469226804708,0.8881111035510911,45.0,0.6619363867572048
0.3895101307591602,0.8603580827753096,50.5,0.6675055170885082
0.41647450628633703,0.8486037435527584,50.0,0.6265690582149865
0.4386292081564116,0.7741125632106182,52.0,0.6574320296822109
0.4813695766637644,0.7594016221213886,52.0,0.6611348114562636
0.5026101777076302,0.7412210800965614,59.0,0.6351449770425328
0.5128330929644668,0.7073625291648745,70.5,0.5972419741205482
0.542807259415745,0.703240619284452,79.5,0.548108025025348
0.7710428986975445,0.6566175516530883,86.5,0.7333700062699662
0.5808251295980406,0.7029215250696086,88.5,0.5742113410843727
0.6166366229071443,0.7083604829250334,84.5,0.5529821517928197
0.7407937358752155,0.7009927659003032,88.0,0.6157101050576403
0.8515006112380354,0.6669047139517748,88.0,0.8000142913331676
0.9327909962470179,0.6624286789614149,97.5,0.7633772372885584
0.9568360149495743,0.6627438307799067,109.0,0.7935770134736736
0.9550424270871126,0.6744479081769315,111.0,0.7791691750378128
1.0302677876728186,0.6961178544530875,112.5,0.8011458002214169
1.1475266915185205,0.7614754131394966,112.5,0.7367690957295581
1.0704379592512567,0.7312253592279722,111.5,0.7787062953816133
1.2031553520596803,0.7523149073598538,118.0,0.7404711690570012
1.2202220678206623,0.7921533155421377,125.0,0.7728826624652745
1.2704627969654845,0.7948646513636788,138.0,0.7430609477163135
1.3112982457426567,0.7872865376372431,150.5,0.7644249655345982
1.3261890812620512,0.8097914148006209,152.0,0.7578994778505305
1.3689161742152045,0.8495490008064802,152.0,0.7440159212590147
1.3561066620398403,0.8685466764122988,148.5,0.753610931212009
1.3763084370156942,0.8944650008395074,145.0,0.7177125825034426
1.3533111307287429,0.8933451399097665,140.0,0.7607108009333551
1.3533111307287429,0.8933451399097665,140.0,0.7660556285195618
1.4080175801782888,0.9436647548181873,141.0,0.7242854403253793
1.4827008769217285,0.9809454676382826,142.5,0.6952475148804829
1.4793856072921225,1.0454155896984918,141.5,0.7114904880677374
1.521218028974729,1.1285416823858825,141.5,0.713702680963346
1.560382076505423,1.13973568432519,142.0,0.6914526862677811
1.6062027625088937,1.205949367688675,143.5,0.6909723837488279
1.6428805853355635,1.3475233916630942,142.5,0.7242716314274478
1.643618401379224,1.3729187227576067,143.5,0.7838111561660248
1.7099037656650093,1.3843337287862818,144.0,0.8310388829411768
1.6755283980041105,1.368510234414487,135.5,0.8060513324858364
1.68726826132073,1.4262751696948839,134.5,0.7866000044951452
1.7200500535578183,1.4389470804938653,139.0,0.8350634919636093
1.765565280385561,1.4691759546059666,150.0,0.7971510064556605
1.7640260061627875,1.4954538475589603,164.5,0.7504208635037313
1.7847593077992339,1.543044405635183,168.0,0.7905478170161822
1.7897648421522654,1.5950967986536781,172.5,0.7540573520796879
1.7943819723850507,1.6704141547550992,-175.0,0.7785019295243929
1.779997697418731,1.7808713466252097,-155.5,0.7190343114998323
1.7396349669223734,1.9034218496289639,-114.5,0.7583997776078238
1.658859800971618,1.9424335992880781,-89.0,0.7291836814315251
1.758654797691842,1.843213931768305,-134.0,0.7569322597999285
1.770014866442961,1.9088253766022176,-122.0,0.7106185815661568
1.6920756840734414,1.9261374958434403,-103.0,0.7015048237826048
1.6370175963525968,1.9542065058218838,-81.5,0.7896738243223823
1.6170093662675502,1.9505140940580687,-82.0,0.7799248155208977
1.5151514839852256,1.962357407729305,-79.0,0.7798782642659174
1.4589895252911638,1.9403748564571004,-83.0,0.7170758965621422
1.4483347120632157,1.907330422786171,-83.0,0.7257192387225485
1.2990096192001173,1.938191055893185,-93.0,0.7444084541633911
1.4199743645877696,1.9098318047477316,-93.5,0.7097311635778433
1.4306512869074617,1.9253702068977618,-85.0,0.7437324436662888
1.3789783620618954,1.8960202726741948,-96.0,0.7363913994524746
1.2586715632786727,1.9415549944761006,-93.0,0.7202430468058494
1.1312884310500573,1.9157903309671616,-95.0,0.765956428149731
1.0481578636475506,1.9128628739977487,-92.5,0.8040735539744394
0.9842085213228201,1.9197141464042966,-100.5,0.8134361022871628
0.9494657292293446,1.9254351723965617,-117.5,0.8666819341751222
0.9139370767594781,1.928721430271517,-137.0,0.8194260770425427
0.8657447028826343,1.9734506659423454,-151.5,0.7746985136653641
0.8370515138999892,1.9976222146244966,-151.5,0.8219138760995647
0.8099239177249502,2.056476298622745,-151.0,0.7972315015143481
0.7825221315791191,2.1379571227834324,-150.0,0.7675555114294422
0.7485186954293227,2.1040947886145123,-151.0,0.7654497674020482
0.7215475299980156,2.153443958252765,-155.0,0.7893327966103476
0.714051950558793,2.1569077489628086,-165.5,0.779933255202325
0.678428482855697,2.1896129866067433,177.5,0.8054217073566102
0.6464303448066092,2.225360944387099,170.5,0.7794149530580975
0.6875179633090338,2.250518618781557,173.0,0.770389126696324
0.7308013939904491,2.5197824468495114,164.0,0.7595340347839136
0.7054241476914518,2.3792434328840506,173.5,0.7564302837744885
0.703301971624108,2.4177180474570683,174.03804392372467,0.7573423142473532
0.7080409607605613,2.4909097223398917,171.0,0.8018271809866456
0.7309753552929379,2.5274985554366465,151.5,0.7522305123002951
0.7176153161777167,2.6268986243591277,144.0,0.728493222149768
0.702090841200466,2.6158603070530217,141.5,0.688419477526047
0.7111116582895798,2.6608092359255022,133.5,0.6285183585651887
0.7235755596631874,2.6584107624179576,125.0,0.5971911101902947
0.7550320549181458,2.622256663625406,122.5,0.5780391834628938
0.9109643104366251,2.801130222454671,122.5,0.6481200597224024
0.7772490632105539,2.722794608637103,121.5,0.5891646179068915
0.8640934260555687,2.8029332550689277,123.5,0.559400557699294
0.9587518334406134,2.8325456627933114,117.5,0.5950956883396967
0.9210163143627562,2.812945041186104,105.5,0.5677723094993826
0.9839412472295308,2.836446935255338,101.0,0.5495376944650088
0.9983562186521157,2.8403431670244714,100.5,0.5587474306707972
1.0867476129512126,2.942039268888685,101.5,0.5535752312040804
1.160591196341616,0.8992182164378103,-73.0,0.5939111585805926
1.1700546026847922,0.8732940542867564,-80.0,0.6546342321829087
1.2160624962631272,2.896701006550891,87.5,0.6588140411931422
1.1607444287710955,0.8468679280961237,-102.0,0.7132844056325479
1.135802521602666,0.8508211957875789,-103.5,0.7015730860110851
1.0933261815339288,0.85950534402425,-104.5,0.7186050534189643
1.0585304039395318,0.8785781780364369,-107.5,0.7146654563323414
1.3080818462856623,2.8952458207657323,65.5,0.6996371632140707
1.404183505278098,2.9176159882691266,54.0,0.708225182310313
1.4211652298350266,2.8858239518211213,54.5,0.7219659883823989
1.4678749852160027,2.861103108486254,55.51414240679492,0.7135780380660277
1.5367374557979079,2.8109901643520794,58.0,0.7202139071312672
1.7513521200513653,2.7418092747710414,26.0,0.7811838406567103
1.6065750972460282,2.7670007378188277,58.0,0.7341568724296356
1.7139770441339643,2.66821876841706,56.0,0.748908027581722
1.7275889178770445,2.6532632363293693,51.0,0.746447227453933
1.7359039459831735,2.7453989370792073,36.5,0.776550676969113
1.745831880911287,2.726794169198917,26.0,0.758917527837819
1.7418520035457574,2.700432062990835,28.0,0.7602523433696649
1.794687545579729,2.5937668117879946,25.5,0.7514760634700204
1.8216739021297523,2.436592694174905,26.0,0.7626302555825684
1.8537598946482314,2.3849465425507597,26.5,0.7975244451157484
1.948283736436001,2.4141197851303,-15.0,0.7118882300338312
1.8682573541101455,2.360708185514065,25.0,0.8109774570017293
1.8751990456659153,2.3675567009242386,17.0,0.8083734879966687
1.8826377821483027,2.390788632689281,-2.0,0.7098971345167867
1.9447163481139174,2.3655376780957575,-16.0,0.7129267071859023
1.9601636380415326,2.401548847593806,-19.5,0.6881877876659869
1.953911923306221,2.360022522165415,-25.0,0.7091264991659759
1.9305213498209541,2.369635254826203,-25.5,0.701947364108688
1.9080810595853683,2.3506466478058257,-23.0,0.6735809896319388
1.873503173906343,2.2982477862944055,-22.5,0.6934512319348
1.8320715004954629,2.2182636831725833,-21.0,0.6998391884720945
1.9109101120899266,2.167489004954702,-37.5,0.7016068910933174
1.8957197185148607,2.1598725131893595,-42.0,0.7099861474612408
1.8737406931261464,2.125547514896027,-46.5,0.7187673668908208
1.842977697564781,2.104160744479245,-48.5,0.7825463586578717
1.819039479857227,2.0708474141944353,-51.0,0.7649605364684157
1.8022063597473554,2.0571643144046234,-53.5,0.7291071254206597
1.82213154592131,2.0580498985487727,-61.5,0.7043776074466095
1.8140101901546304,2.0338347541436983,-67.0,0.7694519527981547
1.760124651552319,2.0041893677050204,-66.0,0.7261296394565583
1.760124651552319,2.0041893677050204,-66.0,0.7788636702502236
1.6527647634157225,1.947487735808377,-63.5,0.7651687715112393
1.5608493862163078,1.8748038808660334,-64.0,0.7245700785843754
1.5398134454148646,1.8937145818249592,-71.0,0.7626773011981932
1.5368850400471439,1.870536104976428,-89.5,0.7434786135883009
1.3553413725869026,1.8400403135667414,-95.0,0.7011436735256341
1.4850123467733123,1.852638428051888,-95.0,0.7360818945006963
1.460115149683932,1.8703958720242857,-94.0,0.7408929181910342
1.2860610311014375,1.8748380478841309,-93.5,0.7453654514447132
1.2034897522787813,1.8748243640629056,-94.5,0.7486820376980423
1.0774815622466558,1.8718743496282912,-95.0,0.7765355770684166
0.9988016579985226,1.8656994695310125,-94.5,0.8415568755064504
0.9718618047241453,1.8786508174767063,-95.5,0.8292137434747985
0.9450538704200792,1.856611772346999,-114.0,0.879170551018337
0.9083547888302321,1.8510225304209245,-132.5,0.8137293984539488
0.8889832469045857,1.8674933485980172,-150.5,0.858857444638436
0.9021468275764442,1.8177793385080347,-138.0,0.7828399284530194
0.8486213568100454,1.8859373927683842,-156.5,0.8195408973160149
0.8437955386236901,1.9284590253419673,-156.0,0.8112807305191088
0.8146357392420105,2.0225193326055706,-155.5,0.7868333642821119
0.6730860366175468,2.23034409797921,-167.0,0.768230339634518
0.7685936686778241,2.148380191760871,-154.5,0.7423667566233817
0.7077771931500607,2.194698542464508,-154.0,0.734506740114218
0.6521087386954604,2.260806114780171,-175.0,0.811042436981227
0.6834342169545277,2.31573908288877,-176.0,0.7383976723775767
0.6585773846492574,2.4834225804950245,-177.5,0.8371953961076026
0.6558751224099699,2.276316055854105,-177.0,0.8350938618847723
0.6576293569436596,2.4164572533133004,-175.9438971673843,0.7402551979323879
0.6659518843659673,2.5594147890037564,-178.5,0.7806716925895277
0.6745084899446667,2.626227967884232,179.5,0.7449915760207448
0.661763696806589,2.8033024680830803,173.0,0.7705408143608279
0.6877282623593917,2.690187354047311,177.0,0.7151138059122017
0.6432341928521718,2.8822458974644407,173.5,0.7814242371318699
0.6875917782938239,2.962510105101675,174.5,0.8222248389494499
0.7059470818548615,3.0478286611281855,175.0,0.8539169814591512
0.7028305925104628,3.1554074947121666,174.5,0.8266864187995451
0.7224839435686858,3.2524003686682135,175.0,0.8739981593802744
0.7391134397674846,3.3550196816799844,175.5,0.9002407934931725
0.7599364818140392,3.4460269201331233,176.5,0.8714559702563882
0.7671191850780812,3.526184092781374,176.0,0.8799756825266316
0.7658180032862429,3.639862005984856,172.0,0.8962817449479137
0.7656549389133896,3.7328904730590637,168.5,0.8789863612529235
0.7396711495015716,3.795422224420467,155.5,0.8430036224692989
0.7202429669792911,3.8394848006016864,128.98736067049532,0.7676997809268068
0.7793826484341815,3.8872818637576985,99.5,0.7333339288085887
0.7534498790880836,3.9651768130297387,53.0,0.7253245645333523
0.8322850282179755,3.980982069544629,19.0,0.7540646407026763
0.8798669279769107,3.937417082259919,-9.5,0.8575533761783184
0.8999913438855229,3.908421071237507,-20.5,0.8351482836867781
0.7589586213377626,3.544693532873487,-19.5,0.7565315399512567
0.8611097712205749,3.859642714156187,-21.0,0.8416907036568552
0.8331010536338015,3.7877426501487594,-21.0,0.7977239608554236
0.8118568159408243,3.698138946492506,-20.5,0.79415222149982
0.7915803257341337,3.614700746945678,-20.5,0.8140264124577136
0.7172426278888163,3.364943161108618,-9.0,0.7620858033574361
0.7058710346853633,3.328949053861444,17.5,0.7721766254394195
0.757039695208081,3.44920002894075,-19.0,0.739133233082502
0.720426728624774,3.3314891041176593,3.5,0.7144541225252588
0.7086395395992924,3.290649348845181,19.5,0.7546647915379692
0.7904115767349134,3.0075349648291865,29.5,0.7255336191184768
0.7068395254580697,3.2728902949558165,20.0,0.7740371251149051
0.7711773625465381,3.1860838242157143,18.5,0.6921527025168562
0.7924941746066354,3.1017905966755044,21.5,0.7146575184879901
0.7877940483749561,2.951173109521657,41.5,0.7195024646002784
0.8450091332706601,2.925854380391125,53.0,0.7163946224667439
0.8253440048660929,2.9118136676656867,54.5,0.7151821047937371
0.8446539551744635,2.908004966800669,59.5,0.6839341096992343
0.8283707590894961,2.8577560027181215,71.5,0.6770821059355258
0.8381079111958517,2.870250533636948,74.5,0.6300833413821647
0.9063621688495611,2.8916534792984194,74.0,0.6845228888171739
0.9891053247212203,2.8357480030227453,75.0,0.6893876916442557
1.0304403266468667,2.8257406679916475,76.5,0.7022465686434881
1.1262811560355732,2.8585170827791044,76.5,0.6959449053018308
1.186693542655473,2.845659624844173,75.5,0.6759506250320024
1.2718000920814725,2.806992137695828,74.44664653375551,0.6907339043811583
1.3460146169263894,2.8087175170830228,76.0,0.7217404887920481
0.9287412563944434,1.028958988131973,-96.5,0.7217155337985307
1.5311537847154775,2.7277974911405574,80.5,0.6969135950205743
1.6522961465998987,2.701525616288462,74.5,0.6762357783994296
1.6339538832349576,2.687784239850892,82.0,0.7154755608530582
1.6835701585329514,2.7838621474283523,47.5,0.7315851224645334
1.6944131875429889,2.8181221284079268,29.5,0.7823731261091846
1.7083743710402417,2.76084004653565,25.5,0.7909541966281274
1.7069424454896032,2.766179574739822,28.0,0.7584826518396001
1.73713850106297,2.7059027596152396,27.5,0.7425702488848471
1.7433591678246152,2.703891464102385,28.0,0.7557938684486073
1.7507773245090539,2.686650140716819,29.0,0.7901715850526991
1.7529824035389816,2.6547456100510276,29.0,0.7728619231339313
1.7618690808429571,2.5782698738564305,27.133143204322067,0.726246268847085
1.7919700746906444,2.564793852482267,29.5,0.6970051933649701
1.852024785497464,2.37896870003003,30.0,0.7957886040935113
1.8871385756700283,2.3222980709913825,21.0,0.8027298185147431
1.972147631309376,2.088679442366362,-67.0,0.7166509388956585
2.024068447711061,2.2116594496889577,-29.0,0.6608767698878728
1.9205552953038292,2.283028334879309,1.5,0.7423731979785978
1.9967202531631498,2.144375223439382,-54.5,0.7189740804037453
1.9371253136717703,2.083195500271599,-67.0,0.7407357805819781
1.9418310043312688,2.0694763467053745,-67.5,0.75206297057103
1.8875228639855444,2.0582236279320947,-69.5,0.7663965054977865
1.787171936253308,2.0314197498234488,-66.0,0.7557662883268326
1.7201011562383872,2.030371547351333,-66.0,0.7713404491864001
1.6489018767426271,1.9695866031570817,-64.5,0.7680075837042254
1.5799165029896056,1.9340650541197864,-67.0,0.7747188078000267
1.5029480955416548,1.8894500786325992,-64.5,0.746953648056471
1.4056118022186284,1.8406458216007646,-65.0,0.7774880722543872
1.315052543288258,1.7781624306653447,-65.5,0.7620115488350668
1.0592648733062353,2.1352970001010823,104.5,0.7339865182803018
1.1177814317955552,2.146069980577077,89.5,0.7601846230857242
1.0714769377941178,2.155673327664297,87.0,0.6948467905024497
1.0714769377941178,2.155673327664297,87.0,0.7007192772394244
1.1139643741292578,2.15091546616973,89.0,0.6986650644205091
1.0711583815156,1.725907221150228,-97.0,0.8100919716649022
1.147962772237556,2.148540757964806,85.0,0.6991874199197496
1.0700544799205745,2.1628992254082267,87.0,0.6998977764947513
1.1231904920726783,1.7397381281118651,-97.0,0.7603342455365836
0.9344405611378371,1.7522244439908312,-92.5,0.7908690302329474
0.8083772043591464,1.777394415404011,-97.5,0.8600926385696033
0.7493993213549446,1.769581960989255,-109.5,0.8751188688847195
0.6987429378567597,1.7785349263149846,-130.0,0.8742116072856676
0.6294434461044157,1.8241670563586796,-148.0,0.8327920076131995
0.6014120671183265,1.8407407525307216,-152.0,0.8183225333921973
0.6014120671183265,1.8407407525307216,-158.5,0.8052501837541456
0.5557815648049015,1.875844454008693,-173.0,0.7823731742023369
0.5317057562413032,1.9216105417699132,173.5,0.7547202303964994
0.5451472072393302,1.9841208923466123,175.0,0.7310585361722536
0.5495050152967069,2.006609195481909,175.0,0.7533520755317318
0.5474084202277699,2.1337888628406354,175.0,0.7941111693183783
0.5891899268190058,2.216533375172021,176.5,0.7767118906825388
0.5798920263339241,2.347800265465591,175.5,0.7714711705059747
0.6015376137989525,2.457899873362975,176.5,0.8012947308510451
0.6101704265633814,2.5463212078618205,177.0,0.8414150626469922
0.6342331231775263,3.0278718491534766,175.5,0.8525769075752073
0.5726078790866392,2.732598742412881,174.5,0.7029208271195624
0.5935410577512675,2.8182369473045257,175.5,0.7761343395807581
0.6327481114657125,2.900601481349359,176.5,0.8298044823228797
0.6493700429322902,3.1347756126621134,175.0,0.8422127251343502
0.6683102015873393,3.2408007895835222,174.5,0.88215109880783
0.6767472308189044,3.375177934218948,173.5,0.8585082105488369
0.7027728502880995,3.4749952164014677,173.0,0.8947201951554142
0.7241242030022436,3.5820236318849004,173.0,0.8962191085304897
0.7411309320997769,3.7216042415695507,170.0,0.8928317224146995
0.7585610436892366,3.7852871458190425,169.5,0.9064000854579075
0.7540156780140574,3.946360668538172,138.0,0.864255534292597
0.7642287411048295,3.8801589674601993,158.0,0.8872349191328442
0.768225407462966,4.023193749501572,114.0,0.8172430452377932
0.8179325904532854,4.043534444157963,105.5,0.8434245746428835
0.8976822767297604,4.049494496681187,108.5,0.7705939428751838
0.9826454939791399,4.1004495337061595,106.0,0.8449329773554634
1.0711970749288058,4.114073198119747,104.5,0.8372788189361672
1.158523349170316,4.149926444133031,99.0,0.8364840156734934
1.2196427274064465,4.177308076676806,89.5,0.791987736649842
1.2959707669457305,4.170364487574408,84.5,0.8473713672203284
1.363170619411071,4.17525060458049,84.5,0.8625133723812201
1.4551367908263781,4.167945604068166,85.0,0.8675479160072123
1.5471005487365053,4.164489355067878,85.0,0.8335947142605187
1.6700027331407026,4.128209088288728,86.0,0.8697881232960354
1.8037627547013702,4.121393479496346,86.5,0.8958520545791046
1.8839461683601604,4.133399364213626,84.5,0.9015232598115683
1.973257052528611,4.119134277645893,87.5,0.9031270867197807
2.083083206684141,4.117991600342041,89.0,0.8823181216293199
2.1774915909987738,4.103235658902924,91.0,0.8630128556543849
2.436007315428259,4.216131170765499,-149.5,0.6778918735508045
2.253518825037858,4.118254629524609,100.5,0.8940656299318687
2.3310908647433815,4.115240902169149,119.5,0.8811956931142106
2.3877418942478426,4.1367303743776525,141.5,0.8577758023369504
2.411714819786781,4.170738518335981,172.0,0.7623026910442078
2.4793308913063443,4.274268966124454,-103.0,0.8433956015160194
2.4900463083030426,4.2565096573214385,-113.5,0.7975713794292791
2.441588828957196,4.283061987963709,-103.5,0.8443195962582606
2.3531077155356512,4.2970774940401775,-102.5,0.8966871457219325
2.297050404590554,4.321728592885522,-100.0,0.8883389654167838
2.2632432546879007,4.3272689586546225,-92.0,0.91128216351602
2.255525558986113,4.330003704824687,-87.5,0.8674385284524057
2.255525558986113,4.330003704824687,-87.0,0.8635364339894159
2.187413635509295,4.316203269094635,-88.0,0.8460239245606934
2.0952526809306375,4.3154455605821855,-86.5,0.9153142415765044
1.9870216625769972,4.308792332625986,-85.5,0.9467503157233094
1.8764044694253652,4.291076365456716,-84.5,0.8870430160884856
1.8133838476388864,4.28127524456172,-82.0,0.8440423452475571
1.6905995892086985,4.252058794420382,-78.0,0.8056912472832928
1.5942876659021943,4.2532123910530295,-72.0,0.8306675515049883
1.503914664144775,4.197986336654709,-66.0,0.7750454926631768
1.399153256960532,4.142019091124327,-59.5,0.83126748576006
1.2967555775109332,4.087412941258806,-53.0,0.7993667932069747
1.2255645965677067,4.057749060583531,-51.5,0.7778403285627824
1.1517115583619582,3.986302536950626,-51.5,0.7998602264217877
1.074131175382547,3.927523936428621,-50.5,0.7649532622796312
1.0019271761412485,3.8619584437295837,-51.0,0.8195057991916849
0.9279541231777717,3.8024357900915433,-50.5,0.7952334408027923
0.8450785904202281,3.7345077735060954,-46.5,0.7615704741115327
0.8294256312994299,3.7117102924911345,-36.5,0.7997830016555458
0.7765231229159961,3.688028466663657,-23.5,0.783485691922384
0.7774778594029383,3.6633428332831794,-9.5,0.8175100220917797
0.7672501576189596,3.6326120129747275,-6.5,0.8300260637689181
0.7608116770852758,3.5402563914137835,-5.5,0.7904472352543453
0.7503711573203916,3.4407788526167566,-4.0,0.7548850167426133
0.7439694056978811,3.3539059482872067,0.5,0.7541980920546156
0.7480640612253237,3.329019491679687,12.0,0.7860093601146868
0.7381100567773166,3.27730658152909,31.0,0.7364063242200448
0.7381100567773166,3.27730658152909,48.5,0.7486005420849872
0.7128297600428325,3.272533061179814,59.5,0.7436445162994265
0.7619310894136669,3.2385144739967933,60.5,0.7049926567702182
0.832215908104978,3.193466415016381,61.5,0.6885853475711642
0.9246903467524553,3.1367980417525843,62.0,0.7030493747629648
1.0042007549296579,3.075337198042183,64.5,0.742562709272535
1.1045675985438566,3.009881819819771,66.5,0.7242247035381597
1.1944816326767174,2.9745576632360753,67.5,0.6987957421022383
1.0955060662192568,0.766620380586595,-110.5,0.7085456193352294
1.3606190393063025,2.894635369975484,69.0,0.6910360823692525
1.5122237501094327,2.9001162251641808,64.0,0.6751323596389163
1.5122237501094327,2.9001162251641808,64.0,0.6947506690178501
1.5480921337599176,2.9323865023081734,64.5,0.6821404340844287
1.6316280418468647,2.866958850214006,54.5,0.7076484719578303
1.6450361055666307,2.859870896435232,45.0,0.7299626754544655
1.6712639779998877,2.881498286277391,36.0,0.7406298458723289
1.7298850468618883,2.7984088550602912,22.0,0.7846025254158504
1.7533989191841373,2.740653017134667,24.5,0.7910458987430494
1.784617887895847,2.6500313751595694,25.5,0.7332603666915015
1.8112495771600037,2.4999138902990996,27.5,0.7431391421562137
1.8538739467374499,2.4089821210438416,28.0,0.7900997586374227
1.8867053952624004,2.3250120811553328,27.5,0.8119422762861936
1.9290253169429548,2.275873630056381,20.0,0.8096494855795359
1.9515345089837304,2.234594028085922,5.0,0.7607836693124534
2.0358399987907823,2.1603228474177536,-24.0,0.6860333307762876
1.9900691712634386,2.0920828534388667,-42.0,0.6621141791253263
1.990715420459661,2.00417679537835,-64.5,0.6888179517077824
1.9003295676540162,1.97451041955064,-65.0,0.7465355022480785
1.8259029977180243,1.9502734998976825,-63.5,0.7316460113867044
1.7479545684228572,1.901853099089156,-63.5,0.7796370754574274
1.6608610140712057,1.8517140146012572,-62.5,0.7744455600717554
1.5515495531405834,1.8204301935157488,-62.5,0.7450008036466615
1.485889250373695,1.7718630756714449,-69.0,0.7084915914330252
1.44157289992911,1.7364854034911579,-85.0,0.7040628897998409
0.9631257860073049,2.182695575365808,74.5,0.6972967952463807
1.0196440299974547,2.1833277954714507,66.0,0.7341464554197884
1.2259495473719713,1.777973251750741,-114.5,0.8239940273554455
1.161656992313822,1.7956513141989037,-111.5,0.8125317225944
1.0660571210029415,1.8689667076433651,-112.01800458650513,0.7999229605914764
0.9819017942350203,1.9004253803681916,-109.0,0.7659853523636999
0.8722229673801677,1.9099936399229305,-113.5,0.7741573394845364
0.7748731373984361,1.9467805540893046,-104.5,0.788929473888955
0.7410664010394376,1.927430777637689,-90.0,0.7369117724819274
1.6721269695450136,1.9471129034364516,121.5,0.720124329543006
0.6379871754163328,1.9450340818805052,-35.0,0.8223628668894701
0.5836114620554411,1.8890442753302912,-32.5,0.8989500963285713
0.5408462646353046,1.805723942679468,-31.0,0.847716507545692
0.4787582559082021,1.7130395837013634,-31.0,0.8371764408978751
0.42738325142256256,1.5999804364652652,-28.5,0.8019911369881645
0.384613668891599,1.5516751148529497,-31.5,0.8409670814426644
0.3420868482792949,1.4957713653997795,-31.0,0.8427239334965043
0.3039829563822989,1.4228395913177985,-23.0,0.8688347120872894
0.29441142735746273,1.448713005084752,-9.0,0.8297956247186021
0.2632379878864529,1.3756891530622744,-1.0,0.7420703218071422
0.2632379878864529,1.3756891530622744,-1.0,0.7748781672083425
0.27683714529315095,1.3369476902871336,-1.5,0.7882643026853839
0.28079580577091867,1.2373726262817168,-0.5,0.8158490542471983
0.2834534970459085,1.1240839037974257,-0.5,0.8451625479657484
0.2851782706131514,1.054331921547561,8.0,0.8049388451180263
0.28742172843366515,1.0623995887580189,27.5,0.6999624022889885
0.26642835445350355,1.0165910794924018,49.5,0.6977476893148036
0.23651981668466382,0.9758607636663013,55.5,0.6859657080161436
0.2456069168430922,0.9668843410802063,56.0,0.6570310241667241
0.3194713902224397,0.9480220436042941,54.5,0.6497020951537467
0.3843254423628477,0.8704531020848296,56.5,0.6615268577115614
0.488491738782635,0.8702077897528567,56.0,0.6480623610293401
0.5076302497236668,0.8041242252781019,65.5,0.6405436976042608
0.551024444263139,0.8002895996234495,78.5,0.5643360722338385
0.5142594248265864,0.7996497642649646,91.5,0.6857033520075361
0.5870345402430265,0.7859556501507783,93.5,0.6482649063159002
0.6281037012126691,0.7754576589074074,96.5,0.6627269262619694
0.6544510920425832,0.7754451220506977,106.0,0.669636270180195
0.7226006071545955,0.7496085749930068,121.0,0.6849535388807253
0.7206449601545637,0.7908690409875858,122.5,0.7745948672193739
0.7889771187920669,0.8089980912998689,124.0,0.7691715847429204
0.8699540633140075,0.8632578888876326,125.0,0.7939458013756314
1.2121033241778412,1.0764680634865842,118.02584379421648,0.698416704011464
0.9488446204677246,0.9064692199458272,125.0,0.761149046316743
1.01510757182931,0.980709201372111,123.5,0.7647049462655943
2.3973981198835457,3.6164726732016472,-142.5,0.6914245936868796
1.168187799508747,1.0351183990278114,126.5,0.7241360208068288
1.290396044414311,1.203601428441431,82.0,0.6582376658328165
1.201832511449596,1.1841898211565027,98.0,0.6672257600222632
1.3299536034655566,1.1969845222200024,80.0,0.6557154129623975
1.3299536034655566,1.1969845222200024,80.0,0.6702650023379768
1.3657368792267741,1.1928571942667074,80.0,0.7169583598886337
1.5563593449015007,1.172778022445386,121.0,0.6328905328454544
1.4679698273914468,1.1887692954184212,81.0,0.8053138728482772
1.5313787858965444,1.193489284899042,84.0,0.8281258156354842
1.5148638200517897,1.2002411620549398,97.5,0.708082220811383
1.5819354096141027,1.1367708726169665,134.5,0.6945704253392757
1.591806944034856,1.1360549865931622,135.5,0.7328006005464015
1.5902061116606743,1.110610814234891,145.0,0.7005015101472132
1.591997616774042,1.062478867974165,165.0,0.7137594561053445
1.6286620814528954,1.0634389190528388,172.0,0.7162289414735995
1.6286620814528954,1.0634389190528388,172.0,0.7104676089112916
1.6237066874903738,1.1092852766035048,172.0,0.6840364594074783
1.639629252650213,1.2387591698085927,173.0,0.7256564562533134
1.6481454359116392,1.3806275498848752,173.0,0.7641056151544984
1.6571248698646164,1.5003196986852807,173.5,0.8174010095061844
1.6667806620795935,1.531806068678518,171.5,0.7388347432042898
1.6510336504741714,1.5733115309749335,167.5,0.7698915896171791
1.6599265935131158,1.635625380413561,167.5,0.8199575439954848
1.6849839536424192,1.6525253003410199,168.0,0.7801535826434352
1.658494000406293,1.7249621395130608,163.0,0.7845035587366402
1.6555658777351194,1.7584689277196168,154.5,0.8448035122152914
1.6791440459199571,1.8073705041469983,142.0,0.8265359360825196
1.6828763822221755,1.8571542112736115,134.5,0.803396782263545
1.7396727012477093,1.9039160777657962,135.5,0.826714968261918
1.7747280353896429,1.924925000764789,131.5,0.8045965058222332
1.8030678464140508,1.9839402832500523,130.5,0.8312792582222912
1.9137988965198902,2.078930010764955,162.0,0.7696836779205386
1.8607488642656826,2.0177676980659585,130.92617717394722,0.7902321505426014
1.8796342084330488,2.0502374908574326,143.5,0.8237974537217672
1.9169433917149465,2.049820670581266,171.0,0.8188017140074308
1.9340757102307498,2.1299320937412842,171.5,0.7903491561706015
1.939614944626809,2.183984017980034,172.0,0.7836505095719166
1.9553522895838351,2.2580125564302964,174.5,0.7309413884331603
1.956647880163072,2.348955734552983,176.0,0.7262453509662261
1.9572212660458552,2.41081865792372,179.5,0.6983442168214954
0.8005582413203597,4.500003395027143,-77.5,0.6801807732136098
1.9879275660110527,2.48945494063943,-144.0,0.7113193656947201
2.0032552969292055,2.517934159770514,-124.5,0.7466522548206121
1.9830283313628998,2.5369655457746196,-118.5,0.7103605619251593
1.9347920495119393,2.5838845891932256,-117.5,0.7185484822489998
1.8099578911742134,2.6214926793703404,-118.69315224057135,0.7106855940435715
1.7560703439889698,2.735819483501842,-116.7697863285448,0.6882691670136196
1.6477354845309824,2.761853641715404,-117.5,0.6826425925723463
1.5914606776524833,2.7936717286453328,-106.5,0.6432649900864696
1.5926913521516375,2.850597327122713,-83.0,0.6121322580788839
1.5924120733603335,2.8779506897467018,-71.5,0.6612926435211532
0.8005753371396817,0.9713104056430371,113.5,0.6866089611367847
1.447718126715838,2.85279382120722,-68.0,0.7383527215252299
1.3735439472043163,2.8179845008269537,-67.5,0.7734865673778617
1.2885917174715675,2.7850297997244424,-67.5,0.8091423428483041
1.1869701079883423,2.7188567384866635,-66.0,0.8244826449287117
1.0946877467425515,2.737016614446776,-67.5,0.8312385983034788
1.0482972614662436,2.7263761134302786,-68.5,0.8154918544822631
1.0379906975024413,2.7261881381368553,-68.0,0.818083859007296
1.0379906975024413,2.7261881381368553,-68.0,0.8247468725248208
1.0379906975024413,2.7261881381368553,-68.0,0.8206637275026514
0.9875121331843424,2.5967261734505866,-93.5,0.6607767810055118
1.0624795058165475,2.717248900403075,-69.0,0.780931342763137
1.0380276161741209,2.721365833808201,-77.0,0.7734918857576736
1.0027759243122722,2.6292624274957377,-90.0,0.7245490341681744
0.9827331688863636,2.569730946311895,-94.0,0.6900482952469094
0.9722619956769282,2.56820227780016,-94.5,0.6936124660081222
0.9830097000307079,2.589263586165042,-93.5,0.6715885301633768
0.942610520832086,2.585561259823157,-94.57988423708278,0.7122918238301338
0.8908828371175725,2.588976505638544,-94.0,0.7656222154151148
0.7782499600586786,2.5812136597834234,-97.0,0.7844008772395065
0.706619006861723,2.5631305894880216,-100.5,0.821803164331313
0.6493498930047118,2.5826201079527333,-110.5,0.8508863123865752
0.623198747601566,2.582928694754806,-126.0,0.8393151090674882
0.5075712512776168,2.66079178496301,-169.5,0.7318163383421404
0.4905320413934358,2.697948045155302,174.0,0.7816979420135864
0.5051638655495707,2.700119392508594,173.5,0.779266420878257
0.4996252338287204,2.747052397118295,173.0,0.7608267522618836
0.5201038532008853,2.8191414552714815,173.5,0.7877004845911361
0.5090511445232492,2.953892054399898,173.0,0.8083323087663574
0.5445284597241684,3.057492861365602,174.0,0.8092407724714563
0.5543137683125207,3.1464436252354466,175.0,0.8160460991426145
0.5669738264896889,3.218424299832827,175.0,0.8603552373809626
0.5524288660575847,3.3011721191330428,172.5,0.8384202483823862
0.5675270638792294,3.355401152195599,173.0,0.8473289647566667
0.5675270638792294,3.355401152195599,173.0,0.8709667134840802
0.5964220551646152,3.3882971523827496,175.0,0.8746544583908265
0.5931212848619045,3.4451554472104533,174.0,0.8609306201044189
0.5783976732800573,3.5303278869861945,173.0,0.8506434117681138
0.6182683287346501,3.5725424214101413,175.5,0.9001985674683217
0.6250489179952813,3.63656966805977,176.0,0.8691165081736212
0.6412183888018697,3.7021660934446787,176.5,0.8826394122015464
0.6298234367952179,3.7891232657168787,174.0,0.9083237180297108
0.6299386834584353,3.8543165815060565,174.0,0.8993128443753452
0.6547291398875258,3.8874591860533214,174.0,0.9130619837914341
0.6408342540729239,3.9645499521933845,171.0,0.8779907570235674
0.6627268323206611,4.029925563575538,171.0,0.8673296571617686
0.6717137038264888,4.059330396003622,171.0,0.8537795359804622
0.6759371282534791,4.100363998751944,172.0,0.873367660758871
0.6968821624605829,4.288418124255772,168.0,0.8660855651513069
0.6942716766233086,4.130455137541068,170.0,0.8836967176639615
0.7001928750402494,4.171393507699459,170.5,0.8937324781391973
0.6725812493215566,4.209304232390607,173.0,0.8561324971727425
0.713553922347589,4.26708030256478,169.5,0.8521679431927858
0.7278424780599333,4.333963429477553,165.0,0.8529762814401456
0.7156887782379946,4.326837564963429,165.0,0.858310421216641
0.7156887782379946,4.326837564963429,165.0,0.8569643567653237
0.6580063427427868,4.329493847035288,147.0,0.8331087866412482
0.6592871140297077,4.350171998281499,123.0,0.8769827568486634
0.6237154302581928,4.380068284716265,100.5,0.8209448766692257
0.6423155601422205,4.405248451704177,79.0,0.8499199257350616
0.6271622126242385,4.396581860255893,80.5,0.8174000464971654
0.6271622126242385,4.396581860255893,80.5,0.8340662767668006
0.7161728824532076,4.3819447637124895,79.5,0.8475337824867651
0.7802156312411811,4.413839595607537,67.0,0.8079671745262856
0.8156834623243099,4.406239957304711,52.5,0.8864584851971934
0.8084277568315799,4.38561919981475,53.5,0.8715962038273277
0.8253127475636937,4.385562921917531,53.5,0.8383183268556587
0.9313975267946226,4.358898600685425,50.0,0.7866939469937013
0.9629081801429592,4.297181919534495,50.5,0.8810130046905909
1.0217826563845354,4.245013586241487,46.0,0.8192941891256799
1.0939524316440694,4.210113810404776,43.5,0.8412922838446338
1.1230640323318233,4.21015244892181,36.5,0.7811912686638706
1.1971791848870907,4.16209743181452,19.5,0.8187569860617347
1.211993381649789,4.088437151070871,12.0,0.8324229318409485
1.2390869431844789,4.079989923477129,6.0,0.8345149117299211
1.2242263968427403,4.003787374201784,-10.5,0.870576963916751
1.243005278769402,3.9415440327941877,-32.0,0.8645128549796519
1.2182937791656423,3.8763395865626094,-53.0,0.8742896128842224
1.1715110888751892,3.8198498028956918,-59.5,0.8161682950120425
1.1147156428658163,3.7983319192836187,-59.5,0.8449797340112224
1.0307696871072065,3.764902814996515,-58.5,0.7987881501739301
1.0072429120988626,3.7294459593684004,-59.0,0.8060376268743149
0.9447621011329899,3.6941180364625303,-58.5,0.7959091725393455
0.8151869430451759,3.5999900877450366,-57.5,0.7951861148284028
0.8862287485767145,3.6568777447034035,-58.0,0.8033939547739696
0.8390276233886527,3.642739713959494,-57.5,0.8155125284595036
0.773110783501087,3.5872139128063134,-56.0,0.8001963658180465
0.7484881189373191,3.5786517002843503,-46.5,0.6851445153897002
0.714224293698915,3.527127582651277,-19.0,0.7615802013033975
0.7458008677055498,3.573822757197643,-29.5,0.7298251043225641
0.7359736479032644,3.5904015434647296,-20.5,0.7974770128432859
0.7359736479032644,3.5904015434647296,-20.5,0.7773390143842233
0.6891463465430039,3.4286444814471366,-17.5,0.7642871660859583
0.6675195980344343,3.372662205458398,-16.5,0.7278887320845591
0.6675195980344343,3.372662205458398,-16.5,0.7513585173428307
0.6570392343859308,3.3178408335256253,-14.0,0.7361528777055051
0.6579146787361762,3.308548446745213,-14.0,0.7721769838197033
0.6579146787361762,3.308548446745213,-14.0,0.7549176242000384
0.6579146787361762,3.308548446745213,-14.0,0.780287870759044
0.6199678699684708,3.225287778489005,-13.0,0.8138921203228213
0.6223478870396293,3.2629712138209896,-13.0,0.8187997419586475
0.6137547590686409,3.171897076324655,-12.5,0.727137143888564
0.6038513464571192,3.09642338306883,-12.5,0.7252516342997628
0.560365940698826,2.8785126069744877,-11.0,0.7884031475420084
0.5977889040289761,3.056654543474222,-12.5,0.7799103161147551
0.5800178669518328,3.005882142798876,-12.0,0.7891401234040436
0.5748917382556099,2.949107734425043,-12.0,0.7858845275710513
0.5607600204628426,2.8722588327273075,-11.0,0.7832308557552328
0.5125670299728341,2.7047433527521325,-9.5,0.7669031570191556
0.5577993960159157,2.873453193986698,-11.0,0.7782850143268507
0.5435674414586487,2.8204683487514113,-10.5,0.7761255440165867
0.5157942359955776,2.7887129706673917,-9.5,0.7531294251449354
0.5227889926044763,2.658338780200789,-9.5,0.7109115449305027
0.49712130342353594,2.5712001463060425,-8.5,0.7510326626619045
0.5045816414605616,2.4999829570030094,-9.5,0.8144963740812279
0.49828366674136043,2.432804838393727,-9.0,0.7259871360490482
0.4824110162166968,2.3527221536545184,-7.0,0.6935496954870959
0.5110704183693875,2.285917244342012,-7.5,0.6658350456986581
0.492167217388479,2.212376443679216,-6.5,0.6687846911758702
0.4897928165703078,2.1727777308853087,-7.5,0.7677968950858156
0.47584414674363307,2.1574898014065216,-7.5,0.772469805572541
0.4847444364949285,2.089531038383914,-13.5,0.783890090878834
0.4427266299495889,1.9583509746670082,-23.5,0.8586729651527473
0.48670877350880537,2.060427738591752,-21.5,0.8370989109635855
0.40028116097047844,1.8084843754323958,-22.5,0.8157199250421661
0.46478684887551175,1.9969870036152764,-24.5,0.8609764389033792
0.41644593711090283,1.883548818297826,-23.0,0.8157531697445917
0.3513823975233889,1.7590203484355806,-20.5,0.7776683722011724
0.3443982644941023,1.6660594527411843,-22.5,0.8423017832755362
0.3195743949122951,1.6018529162558268,-21.0,0.8578943026229772
0.30465423068266434,1.5509449069630077,-19.5,0.8076222434573129
0.27362678065704243,1.529603989079799,-13.0,0.8010342283492081
0.26417042653213824,1.5063341257532137,-1.0,0.7503414924261014
0.25388699374797413,1.4501256764630994,10.5,0.7133163107354961
0.263132326312271,1.4191398259107328,11.5,0.7159792152984084
0.2724462337988172,1.38323351663096,12.5,0.71206978890005
0.27988722780189423,1.3232004069390417,12.5,0.7037499875981681
0.2965145141295535,1.2682998426445318,12.0,0.719145142197183
0.32331097587951474,1.1957881125235392,11.5,0.7293847728914137
0.33337048161956817,1.1513272532762502,12.0,0.8031181666392194
0.35418205254372126,1.104118589355485,14.0,0.7929347684261404
0.3587650598649764,1.0641793135843722,22.0,0.7701904218623321
0.36685339836509706,1.001311550229792,35.0,0.7449702139277738
0.3817476017371863,1.0019041601261003,42.5,0.7022521635007533
0.3935808221654018,0.9648453804366491,47.5,0.6782685733031737
0.4378704971103782,0.9264464536416894,49.0,0.6452677076756459
0.4815829304577866,0.8305508767073323,55.5,0.6720144428994087
0.5666149135044637,0.8449232552495651,59.0,0.6437743144482735
0.5797776439444184,0.7924249814204731,68.0,0.6232419711810026
0.5915563698301564,0.7944974247497988,82.0,0.6213243801309787
0.679732770369555,0.7588206329610598,94.5,0.6880337268762824
0.6919298153953575,0.7615188531998868,95.0,0.7353635788677978
0.7410515023559778,0.7579885918529345,95.0,0.802558809463523
0.7560377470443678,0.7790431502928863,94.5,0.7681621538123808
0.8524030981252425,0.7613217436459057,96.0,0.7649642209954194
0.8932969218614595,0.7838038167168924,95.5,0.8123679141224289
0.9475475967279897,0.7805924683642225,97.0,0.7669448821892015
0.9792213013259368,0.8077504038316293,95.0,0.7503702529059797
1.0307560574447239,0.8082000201559612,95.0,0.7554063441851869
1.0809166235554746,0.8127687013748446,96.0,0.7364326061869981
1.1115169196740813,0.8226978504283591,99.5,0.7688369001823303
1.1280832565335217,0.8352290342874731,106.5,0.7136525406502406
1.3238778232365034,0.9011405846855766,128.5,0.7339440005238839
1.1769577143493386,0.8251488219906,118.5,0.7632567193991671
1.213789528849819,0.8063262678092786,127.0,0.7622487629023144
1.2284141745060575,0.8213285293317971,127.0,0.745052238578812
1.2548498882083643,0.842328909345439,128.5,0.689860173540769
1.3741631726839796,0.9572750493252264,128.5,0.7416659061675063
1.4244972986702211,0.9906545936190313,131.0,0.731886726028531
1.452039741035307,1.0041227507581887,139.5,0.7251379105493894
1.4815016772249057,0.9809167554714243,149.5,0.731379044922422
1.5112732971624951,1.0074943238668175,156.5,0.7300312658862038
1.5357641845395342,1.0679239931644406,155.0,0.716302889527167
1.5050132283178246,1.0275905439270527,155.5,0.7262331166403433
1.5053670248949311,1.0345483833906806,155.5,0.7293862899844624
1.5289206166532259,1.0585591406221047,156.0,0.7232089556724697
1.5353175010098337,1.1475229460273688,154.0,0.7358605517718877
1.5393296424453833,1.1518233408813217,154.0,0.7266488586888419
1.5543843575733403,1.1484506364640688,155.0,0.7189578152840321
1.5437854654876815,1.2438775584392894,153.0,0.6859073060717915
1.6041425750569343,1.1896173124209954,156.0,0.6743469158947708
1.5761227416373687,1.2506999456600325,153.5,0.71553599761249
1.6297647019252723,1.2659529915110848,155.5,0.7381020493472265
1.6224466659503096,1.374341796369936,153.0,0.7717562322214542
1.6390022894788394,1.4028720300394626,152.0,0.8077340555964828
1.6890818196622606,1.4615362712551072,155.0,0.8112111747973231
1.6791845200697408,1.4737242903584067,151.0,0.839803779779743
1.7613620736304736,1.67693596276757,146.5,0.7991652826265969
1.7014374180765315,1.547276381971575,149.5,0.8318331361923631
1.7545966917480058,1.5915723486094273,150.5,0.7889739567780351
1.7431662748289074,1.6360935085627863,146.5,0.7961928702509122
1.7767310452103047,1.7181513546281946,147.0,0.8335620818424279
1.8119107861459012,1.7613690793191537,147.5,0.8626035925954552
1.8414430399136361,1.8096304917272121,148.0,0.8488498244404382
1.8633358478441528,1.8815918348926113,148.5,0.8636079564024974
1.8923205653833515,1.9132762546051052,149.0,0.863249440912613
1.9192415062774768,1.9621860598734377,149.5,0.8287190155072405
1.9906110048107566,2.0978392778324757,157.0,0.8323826710262542
2.0198885258569703,2.1546982663413283,165.44542070219995,0.8077881775802815
1.968992162010586,2.0389331655686647,152.5,0.8323894415252724
1.968992162010586,2.0389331655686647,152.5,0.8029281893867665
2.002339416556602,2.1130148985839368,162.0,0.781627277728968
2.028836992462738,2.1877399708647016,170.0,0.7816826809753508
2.0357422523557847,2.2153857584866903,179.0,0.6777952533625108
2.031168567449167,2.2248690025524844,-177.0,0.668139961408145
2.0238731598585105,2.264279140694855,-176.0,0.6659220935260101
2.018431217240415,2.3156324707437705,-176.0,0.6764897441053832
0.6688982357864222,4.545519529086479,-75.5,0.6591551375598542
2.021461075214236,2.3836020693264106,-174.0,0.6439769730174668
2.000391209997383,2.4661716790123442,-175.0,0.630214180458997
2.0040784230395654,2.5235288387086805,-171.0,0.6679056143500888
1.9964581266450205,2.6022806973180517,-154.5,0.6723329598389983
1.997986073266643,2.637475279002183,-138.5,0.7261099467596313
2.0245631947505855,2.6705556176929415,-118.0,0.7346435840056558
2.012522081102471,2.6894135315296466,-107.0,0.7347646651844889
1.9636673382001153,2.7235812986344916,-102.0,0.7148695448309196
1.948521561641533,2.7185590956700025,-99.5,0.7253893697223098
1.9078314290459262,2.7419461254189517,-98.5,0.7162658267070713
1.798673567648355,2.749940062668853,-98.0,0.7197182427072716
1.722988483400863,2.7619792719859353,-97.5,0.733850276160956
1.6372824404088202,2.7816341067110315,-96.0,0.7060671262935583
1.5277175851695188,2.865856173880051,-96.0,0.7154949145964608
1.2858974053181047,2.8666735667728203,-93.5,0.7328688149784227
1.0985424289961498,2.8428424217984483,-94.0,0.7777494515679961
1.4266585849856221,2.8842213012417997,-94.0,0.7324925358185892
1.210981931281413,2.8833736263612475,-93.0,0.7412525427000322
0.9890219091033731,2.85213735421143,-92.96747799958138,0.7527071513133038
0.917341527690302,2.8659019028667037,-93.0,0.7855921019140651
0.8476810502651373,2.8674121168434357,-100.5,0.7402166320216916
0.789308828692888,2.8270100280751116,-121.0,0.7968680677695607
0.7403155948658755,2.8253240908924515,-141.0,0.8274028054712399
0.6757144489768393,2.874829586840013,-163.5,0.8330892913750619
0.640269482310107,2.988680351290828,-177.5,0.8588902497615781
0.6489296097022637,3.1285458018364225,-176.0,0.8395764621606057
0.6375630086284686,3.0655531128856657,-177.5,0.880313182452609
0.6365641301322076,3.24349934747649,-177.0,0.8492176477379242
0.6572647112509492,3.3214808502029527,-175.0,0.8872198795605054
0.6363792230445664,3.7723066611701204,-178.5,0.8981421082166601
0.6218991081555035,3.4162446908326594,-177.0,0.8939502590024392
0.6387802865018458,3.523633169484296,-176.5,0.891253989038784
0.6328180039804051,3.659719740063574,-176.5,0.8862930079648679
0.6130106451899306,3.8460717810619203,168.0,0.8758731686466104
0.5894512241617406,3.884204213318794,146.5,0.8376774581689006
0.5299085552631364,3.972295013050306,111.0,0.7650513940388407
0.5754638305113963,4.000738604700146,83.5,0.8504072346692259
0.6194597700952227,3.9834658919584696,84.5,0.8393517715244826
1.0533981853304875,3.9668394449326483,84.5,0.8359032492374292
0.7198135752659816,3.968174266152877,84.5,0.818417959655668
0.8118293948994841,3.9509595475161685,85.0,0.8265696739722038
0.9307072668051404,3.967506372091058,83.0,0.8345082975186296
1.1151827591574532,3.941215096483236,87.5,0.8635247308959116
1.1950340291390364,3.9403805102373943,88.0,0.8844668508280428
1.248737717225666,3.93132091611581,89.5,0.8564463181093984
1.3495573119424653,3.950423450029289,93.0,0.8718921281850364
1.4081335786312583,3.955931641823616,95.5,0.9080497725322256
1.4733464756639538,3.9586526171868206,96.5,0.8866730880587442
1.8870492298027965,4.010935135031174,99.5,0.8656879542297168
1.533049215353299,3.963815909908131,97.0,0.8918039730553565
1.6306451012844114,3.972374801098182,97.5,0.8759967079974359
1.7116421706116678,3.9872394233427855,98.5,0.8526570154703493
1.8220211529254233,3.987148442822892,101.0,0.8621505602761914
1.9906350004729307,4.029597314048386,99.5,0.9396937875197175
2.0693421546602453,4.036471795685065,99.5,0.8819411591391516
2.1787330850379805,4.054457003583591,105.0,0.9070453323591819
2.239639690683614,4.067949624089939,124.5,0.8926054642949931
2.270202412021091,4.056713391022105,154.0,0.8025505674691376
2.2730321066589565,4.04301007511933,-175.5,0.7500921648236505
2.332535956273625,4.0784293188615255,-146.58234359303165,0.7309544037547128
2.331799722945881,4.1009452119842145,-114.5,0.7807261708247646
2.361739275240804,4.103487639818189,-87.0,0.8843281814147287
2.354928762778036,4.1105165647848425,-83.5,0.9105727340949238
1.8761908326776673,4.055178823219873,-79.5,0.8615094404811714
2.2958388374571537,4.100572869392873,-83.5,0.9094870132328648
2.2154744546281595,4.087957740432542,-83.0,0.8850749159433596
2.105764393695122,4.077887547690564,-81.5,0.8750674656901439
1.9693102993381855,4.059570454128128,-81.5,0.9378894026016092
1.7586656580467876,4.029252324719358,-78.5,0.836427060067085
1.6182328095418324,4.002922800587067,-78.5,0.8438810332400967
1.5312796329565967,3.9863300282227607,-78.5,0.828765391775554
1.4285279564026607,3.9621827662345295,-78.5,0.8001072471219177
1.31800134003247,3.9359969021303236,-78.0,0.8328706518038987
1.0975759627121642,3.88353570983161,-76.5,0.8515507128196338
0.9037930836355442,3.8338304940297383,-75.5,0.8132743343763751
1.2125195745911301,3.9153493144588376,-77.0,0.813742104100695
0.9954042027679992,3.8534059265653564,-76.5,0.871220455976727
0.8170443017496292,3.8013548678437385,-66.0,0.7793233663564301
0.7132910940249992,3.761066391986232,-4.0,0.7975042771500446
0.7743206647465632,3.7965770784714907,-44.0,0.7583490026508255
0.7252858012422412,3.7608580844697337,-13.0,0.8415163830086584
0.7084191725772443,3.7815977513606347,-4.0,0.81681571414771
0.7051052926499826,3.6166714812345298,-3.0,0.819593872778209
0.7050226860223368,3.5118594910029564,-1.5,0.8012289373773478
0.7084963172551737,3.3706383425317674,-0.5,0.7425402958398549
0.6969947483993543,3.2786980667074217,-0.3151307693385945,0.8046426830476148
0.7023669780862438,3.165725901170191,1.0,0.8444800446554415
0.7125141738005906,3.0607889291908448,14.0,0.7914213659800765
0.6641330748843431,2.9614218227697457,42.5,0.6910152183713204
0.7036022532146572,2.9653913739687927,72.0,0.5993365151293241
0.728459664688747,2.9170759701299107,100.5,0.4787781431577525
0.7365502612056262,2.936964933564245,102.5,0.5060197552817572
0.8158818371961255,2.9709546339443658,103.5,0.7231718492333805
0.8996894457860118,2.9640540622713636,105.0,0.5244924214748794
0.9979192681072929,3.002766722742154,104.5,0.565129740743614
1.0617883220648467,3.0658091162273307,89.5,0.5875555639335537
1.0811247850720664,3.067478143261399,68.0,0.7771706468232559
1.352545106777922,2.9446568703439855,67.5,0.7602531141597555
1.1002104187230914,3.0371858096482116,64.5,0.7879983182299364
1.194593358342119,2.9774872752852293,67.5,0.7813736498762838
1.4261042508972914,2.907822266805935,71.0,0.7535433486366288
1.5123511361085875,2.871060820274015,71.5,0.7431774056678139
1.6022108866860454,2.8559588953752875,69.5,0.7692474049644468
1.7031543281941008,2.8715672565227264,52.0,0.7567635251895982
1.739639023159499,2.898061737263401,25.5,0.7695788775490416
1.7460563324584748,2.8987030625948598,7.5,0.8342388349590982
1.7249780692376013,2.8519756374351237,9.0,0.8264123788171667
1.7519784906309375,2.750013330371466,8.0,0.8139229747024677
1.7614247894480795,2.676574370342841,8.0,0.7816604712932728
1.7614247894480795,2.676574370342841,8.0,0.7842466781898246
1.7614247894480795,2.676574370342841,8.0,0.7776152616335783
1.7452389986744152,2.709114786483837,15.0,0.801429390522989
1.7570530277327594,2.6750391195234506,8.0,0.7730092208003234
1.7390942587469438,2.7120592808058706,28.0,0.7888293354477895
1.747194524115726,2.6867073310152794,21.5,0.7982904741668366
1.734098376471555,2.7282089039774813,29.0,0.7930019922735834
1.7314643415949058,2.6890944428358847,29.0,0.7930718302686435
1.7560911157020356,2.6695259691823043,29.5,0.7808834161823838
1.7719664459924225,2.6207518727196435,31.0,0.7745062263337374
1.7943617737461035,2.589205626599796,30.5,0.7528593042267784
1.811504481664579,2.5003798229569187,32.0,0.7753403739621653
1.8770476345557139,2.3756732830466047,33.0,0.8088036056580982
1.9310148424854505,2.300107336583272,20.5,0.8419841168063592
1.9277019694402306,2.315381875042264,30.5,0.8086203937161143
1.985906085688871,2.301015994859181,-12.5,0.6832677870259638
2.0684792307270596,2.2448537911836866,-49.0,0.7177924734791904
2.045692305303664,2.245231803980611,-49.0,0.7647406889988203
2.0312501056957055,2.2600907331855313,-48.5,0.728015912358498
1.9360530408210157,2.2150692756491943,-44.5,0.7113677429913264
1.9023601626805349,2.1187124270789517,-48.5,0.7739477112565717
1.8389134699613197,2.0493779857503167,-47.0,0.7659231077365195
1.7677586170477326,1.9847629276211518,-45.5,0.7815744150255904
1.6692702221586386,1.8512635640335966,-77.5,0.7478984672337156
1.7197897629095835,1.9286057859486112,-47.0,0.7714860163290558
1.6817263592599176,1.8802097309311718,-59.5,0.7585145078336734
1.5957945709573695,1.8410779288104686,-77.5,0.7571766339980495
1.5439785506055896,1.8419270204113047,-77.5,0.79626456413614
1.466750794764606,1.7776567451108758,-78.0,0.7484914602731858
1.4270048831886206,1.768463714575817,-88.0,0.753211800297889
0.9673987181143413,2.1108122944371335,78.0,0.7380050249958795
1.028447666829264,2.0987748006959634,76.5,0.7594007854450308
1.0264065743225488,2.077351130443687,83.0,0.7319137308780708
1.1298794162948054,1.8108646784029319,-101.5,0.8025673492081671
1.0122249586168497,1.8273107905000145,-100.0,0.8106463413268599
0.9228841494413964,1.8246573628107505,-97.5,0.8251219889240121
0.6956708268907584,1.8501797888131177,-145.5,0.8817149396798565
0.7689523722845805,1.840595027211141,-98.67989694322631,0.7973526995451858
0.725864886756949,1.8675326170693567,-117.0,0.8969247815220076
0.6206335162106338,1.8970485962390633,180.0,0.7457296855128964
0.6223954784510262,1.8764754973511737,175.5,0.7761212478446711
0.617316764238918,1.881970120479257,175.5,0.7731920860049522
0.618514356582804,1.9039852830006185,176.0,0.7909291572991953
0.6289580413709862,1.9464434777051665,176.0,0.753460826721381
0.6242672453748811,1.9777769619205836,175.5,0.8128338822669657
0.6130273615098328,2.0572386074241553,176.5,0.8098538666897952
0.6456128924174889,2.215016781763459,176.5,0.8252678253860852
0.6619572628592103,2.377742028582806,177.0,0.7975063413558058
0.6263267913029342,2.143502223127517,176.5,0.7647944828441998
0.6807057681069233,2.291157038161613,178.5,0.7350904072897196
0.6757633525427625,2.632584334746845,175.0,0.7863906204902438
0.6821560366968992,2.466815414069673,177.0,0.8314867616453204
0.6572793604957936,2.5335551906754175,176.0,0.8253864194843614
0.6853617462520479,2.7132177149869396,175.0,0.8009435795361811
0.6776377455374823,2.8014459559142537,174.0,0.7960838576145841
0.6953927861537743,3.0278916334406696,174.0,0.8494344907273154
0.698180598154101,2.865667068863561,174.0,0.8460537391189998
0.7134698511562398,2.9304082970271264,175.0,0.8433056645041701
0.7390320533223488,2.9344471360828446,176.0,0.8338925617651568
0.7245011699139755,3.0763818121275075,175.0,0.8404695511007484
0.7335373278070791,3.164826283360486,175.5,0.8320490949190693
0.7535368796525949,3.234085423008837,175.0,0.8840666197399363
0.7493057947501125,3.31110798185406,173.5,0.8747386585023851
0.7670725087399072,3.395098837767772,173.5,0.8697704975941083
0.7783222341675501,3.475453225590504,173.0,0.8842414605698766
0.7983601449800122,3.534988961156777,173.0,0.8951564915132056
0.8082917095710344,3.604925061701421,169.5,0.9054625453750091
0.8138751500516215,3.683965692631263,163.5,0.9020460970769896
0.8183619536432402,3.7782389862413965,152.5,0.8469673136838423
0.8852201445089453,3.8512450085695438,144.0,0.856357442003164
0.9098065013717244,3.9765249057105145,113.5,0.8046557549414023
0.9421857307598624,4.038773489571741,88.5,0.8204082078661525
0.9089726182593203,3.9187233546141647,133.5,0.8550006356207261
0.9706909460176506,4.0141034643338935,92.5,0.7861078308668407
0.9878465589809198,4.032442093878358,85.5,0.7898099822608846
1.046882383184388,4.0166566259707075,88.0,0.8457655882595981
1.0790402089162552,4.026171434777966,87.5,0.8378756463641281
1.1612258123386263,4.0238735984925,88.5,0.8810553040813921
1.2255911523372427,4.020644931051217,88.5,0.8861893894471891
1.312440309747018,4.025570903530284,89.5,0.8627489911446861
1.5176862230397832,4.0197543557724975,90.5,0.8623895078950788
1.3743612396283986,4.028443217619346,89.5,0.8788515390775821
1.4453540464168912,4.023100744057747,90.0,0.897072033409509
1.6131542251794477,4.020693723302391,90.5,0.8729541176986205
1.677701946698789,4.011865524154932,91.0,0.8487514411037049
1.8060989385745012,4.008714612395559,93.0,0.8490683722613175
1.8780830156236532,4.004696954491051,94.5,0.8796854730511897
1.924097488100161,4.032097434018757,91.0,0.9263265219401684
2.000738492081883,4.027472896453802,92.5,0.903858578926193
2.060370412639818,4.027546442081306,92.5,0.8957289486514147
2.2881410060194574,4.049715324907537,154.5,0.795789520131679
2.1234175914704134,4.032980025952658,94.5,0.875020612519548
2.1814045434620764,4.0325588830517365,106.5,0.9206565381488915
2.2177415184083005,4.054584061068299,124.5,0.892968513699284
2.260011659011892,4.032407092845697,-171.5,0.7409528285180724
2.306803309430563,4.089422359777298,-128.0,0.7074015832996531
2.3256322433361394,4.1061920703545916,-108.5,0.8752180968289365
2.3256322433361394,4.1061920703545916,-109.0,0.8390351986908371
2.2405017126184275,4.129271566533648,-106.5,0.8896104979786017
1.9015293299142118,4.223330275779679,-97.5,0.8608460733957988
2.195464375555275,4.150445103275809,-106.0,0.8402337255554637
2.1015291692233937,4.18265033345312,-104.5,0.811674444620843
1.9784193759885629,4.197952466398124,-105.0,0.8541104934800501
1.8444882847098818,4.2332646676790295,-79.5,0.826675225210177
1.5230280296266625,4.140115270868898,-74.5,0.7681423384091292
1.7969632728246978,4.240117704862199,-76.0,0.8596287237664526
1.7144186923022768,4.209885106839008,-76.0,0.8204812465656569
1.6245546560334196,4.1909460080701155,-74.5,0.806884922375376
1.4173318694737618,4.124189701690721,-74.0,0.8028880433527331
1.3198155665585145,4.0961670321458845,-73.5,0.8123088994171808
1.195609576950006,4.041489160204063,-73.0,0.864317858866485
1.0985981783353966,4.025169109515839,-72.5,0.8138688234511143
1.004943641515932,3.990555193868721,-71.0,0.7927333342543131
0.9053210454206609,3.9580768081472724,-70.5,0.8043426382816901
0.8215268423063069,3.9179151023785526,-66.0,0.7900833059292861
0.7772370452560327,3.903313546620977,-51.0,0.8088496894466805
0.7269546801814305,3.89117393917531,-29.0,0.8005813300254814
0.672153170482884,3.8218780735882785,-12.0,0.8503670153858076
0.6833074474085411,3.783298602175375,-11.0,0.8358242828578724
0.6501544338437539,3.596186401844785,-8.5,0.78318247184298
0.6260126771149677,3.400022083400865,3.5,0.7581661165887535
0.665598742706328,3.7236631954820467,-10.5,0.8076141336827711
0.6472417723856297,3.5063305259642426,-8.0,0.8055995664270255
0.625256932764559,3.343095256512653,22.0,0.7809812113529105
0.6387084881955368,3.2794719840820985,45.5,0.6871315102111749
0.6368270914637633,3.2539821031276563,65.5,0.735266639906309
0.6492519795458013,3.2276291503550403,74.5,0.7710192756371079
0.7154377531740183,3.214817478156868,77.5,0.744110659863603
0.7771046916819377,3.167740414578714,73.0,0.7369434095798187
0.8573280310627482,3.163007476715613,55.5,0.7033945794864698
0.9124075929066772,3.1677662704770215,53.0,0.7086891887777299
0.9084739924882084,3.1352137952100345,53.5,0.7250622769271851
0.9354115260687814,3.1299925620925517,54.0,0.7466994108731623
0.9764404284276305,3.099511080143029,56.0,0.7300165819853542
0.9835005266583561,3.0583881625826583,58.0,0.7801389133818962
1.0412343256174632,3.032430629265022,58.5,0.7498971772404772
1.1011970965688431,3.0080108139580584,60.5,0.7593502069124471
1.3654345272683313,2.9184996364302123,66.0,0.7216637888563027
1.159810825640519,2.9487149466892273,61.0,0.7630858022033338
1.2235332054654475,2.91891065468758,62.0,0.7255795473373051
1.3358087404973351,2.9381893548699134,60.0,0.74043042068011
1.5191303442571857,2.8050046925522354,69.5,0.7205663312229121
1.4355896567831639,2.8928754545202695,69.5,0.7128925187846008
1.5964843870589716,2.7293899177846157,77.0,0.7341505597902076
1.6748276493792629,2.7080959054818834,77.0,0.767948761625549
1.712316390025344,2.695503003273958,74.5,0.7851436330722317
1.7511054800412402,2.7178318661198744,62.0,0.771537561598771
1.7821191416315425,2.794133664611437,47.5,0.7720654197889871
1.8171125934822419,2.727679171101577,42.5,0.7531162462716171
1.8433727633343882,2.7172962044107365,45.0,0.7445973435174109
1.92649289404551,2.536106875556726,41.4506852599157,0.7433566183893257
1.9765990208719557,2.535798463509521,31.5,0.7865786658633891
2.043624489857783,2.313468710553223,7.5,0.7869372497583768
2.0087679120256667,2.4769013745117787,15.5,0.8077989319117876
2.0285400457817078,2.471731035554641,8.0,0.8099925142460455
2.0335276137835345,2.3763704120855254,8.0,0.8067971803859674
2.042831152487328,2.245538283195977,6.0,0.7888366935828476
2.042154626628445,2.1756657607037133,2.0,0.7587291236918309
2.0577064645783136,2.0515892160826557,-9.5,0.7654220395893158
2.0474884810203537,1.9582295214066536,-13.0,0.7294936971479333
2.077677708724097,1.8844419672677897,-29.0,0.7033642970662565
2.0450079205686786,1.8260530737972829,-45.5,0.7253328899086805
2.054915618675414,1.8201948069289569,-41.0,0.7428666994241268
1.9961997147405426,1.7951182855817411,-39.0,0.758272418728311
1.992858002864784,1.7485904991745218,-33.5,0.740061902218161
1.9551558304253058,1.6988385091532836,-27.124376966996294,0.6886684937291906
1.875227924264459,1.6662328655420713,-23.5,0.721454517099136
1.916547393486931,1.6755581829023847,-24.0,0.7647033043440419
1.8544074540148505,1.6019056016195252,-22.5,0.6907159166282414
1.8298467856031428,1.4995443929077128,-22.5,0.7509458423403096
1.8001487302739385,1.4805957403496546,-22.5,0.776989207888472
1.8076258988414091,1.3900748382812187,-25.0,0.7728948893611579
1.7360876594609316,1.179180213493114,-41.0,0.7401876939271258
1.751214637267908,1.280937128979926,-24.5,0.7956499161385611
1.7324968421050362,1.2605187139739304,-25.0,0.7439886410125278
1.7070567758725361,1.2095704997263428,-26.5,0.7507848568965323
1.6734895455555399,1.1489447519313125,-54.0,0.691789497649963
1.6359276441069919,1.1105418875023632,-55.0,0.7055582014058738
1.5847694130489893,1.0416059424457715,-53.5,0.6858890799366038
1.5143561170587536,0.9858722016744398,-53.0,0.7115959123170953
1.4478951390261954,0.9425658099745741,-55.0,0.7182126816077736
1.4225998850799386,0.9191298703737174,-68.0,0.6945845466619024
1.3843180664540045,0.8936198912859928,-79.5,0.7160948567898567
1.322842865298115,0.879723884223202,-79.0,0.6889308036875874
1.2356562053697178,0.8627677614728028,-78.0,0.7263889391659839
1.2148857643545488,2.0558023645183336,101.5,0.7109650617917169
0.9848417675635764,0.819537095132056,-78.0,0.7173825894126181
0.6174638080299539,0.7326386650831477,-76.5,0.7549566201948896
0.917679946063605,0.7921988476880956,-75.5,0.7036619814096895
0.8012689952590888,0.7798828852119541,-75.0,0.7402464459836839
0.719775463823474,0.7623540963707779,-73.5,0.8155622523728229
0.549158960942451,0.6485811778805302,-116.5,0.8159651851021319
0.577273355426121,0.7101904049336365,-90.5,0.8387248765015087
0.5213559114549517,0.6331388627127218,-152.0,0.7590253512867544
0.48355368490661915,0.6882761121094313,-166.5,0.7406277656325942
0.4799861910205879,0.6924174310146232,-165.5,0.8262670507067533
0.44845969876356323,0.7782926558923148,-166.5,0.8208908784200158
0.39554463859448097,0.9994965112543148,-166.5,0.8418202751427792
0.4377695787606632,0.8502961633013215,-166.0,0.849385881569367
0.4158736344276799,0.9182899857231729,-166.0,0.8280161552305434
0.38803557666884747,1.0631177591938945,-166.5,0.8070205650826838
0.3730653913023254,1.1721198922728122,-165.5,0.8087476931769241
0.3581040212829784,1.2352351811117068,-165.5,0.8118316976902019
0.346115932758968,1.2745484915984333,-169.5,0.7887612724974924
0.3234369770969142,1.3317802417009974,177.7431812990976,0.7878860561343712
0.2995242405778782,1.4155768433806628,163.5,0.8109354075230953
0.3220927474090339,1.4660858234694627,163.0,0.8056925605087145
0.3315750199686567,1.6444780180617942,142.0,0.7174551911347764
0.34987810035237915,1.4851480707485543,164.0,0.770002342009931
0.3703487312873987,1.5613805272009482,163.5,0.8353810215875253
0.35856762196346825,1.6091960729217678,159.5,0.7785069131121002
0.30132421493935246,1.730469791605734,117.5,0.6548575459062783
0.3192703753394178,1.7376229113786168,93.0,0.7139573659433678
0.3896975387764561,1.7247458699828448,92.0,0.7253115311366002
0.43045284057963273,1.7198818828811975,93.0,0.68962441899066
0.5134276766417049,1.7351285107098309,92.5,0.6145460411386732
0.6089692020847008,1.7465938961381056,93.5,0.7092273632959499
0.6770250060028662,1.7566418755328252,93.0,0.666159376897501
0.7848227606791531,1.7945918703928276,95.5,0.6750831171445333
0.8964851632827483,1.7873222504961679,95.0,0.7367760110665376
0.9904540877213602,1.7877548840488942,96.0,0.7514953286691567
1.246464716044836,1.8531542432362618,97.0,0.8052248995908218
1.085655131833369,1.8316219662848328,97.5,0.7298413176794608
1.167917007287194,1.8298585716184834,98.5,0.7230310535371044
1.3347436562462112,1.8603773341362508,95.0,0.7637971658842864
1.4253656958844452,1.8955231661983807,95.5,0.8212652354760281
1.5445739878973308,1.8880556485277715,98.0,0.82880951235609
1.647550859516246,1.8898915206718554,100.0,0.8467992828509093
1.7088736879349917,1.9257070263753517,103.0,0.8492667449381185
1.741614966710276,1.9417511933019473,118.0,0.8338213189729715
1.8043052715638024,1.9636255191179774,138.5,0.8280000871038836
1.8332693621853053,1.9762191279122938,149.0,0.8335068063320265
1.892403565105306,2.0495168428170594,154.0,0.8223202948506363
1.936315235089265,2.1628766378846,157.0,0.8206873302821758
1.9437950526670642,2.1806212686326947,158.5,0.7705111861655187
1.9695402655953593,2.2098843611735206,169.0,0.7770939010077988
1.9902687025750039,2.2878369780761987,-171.5,0.7765609784286126
2.008945702850983,2.3476268779977576,-157.0,0.6937692489339353
1.9521171391786702,2.3901484887040256,-155.5,0.6706553082976775
1.9176225015805943,2.45477314665879,-150.5,0.6830217552522214
1.919951177099577,2.5103438456049414,-148.0,0.6755621070668284
1.8231444037790308,2.6994134449734046,-99.0,0.6847871430051045
1.8981380238513745,2.562196246449789,-139.0,0.7266257990770817
1.9095108194585786,2.609612111692351,-126.0,0.7132680585469356
1.8495377108297784,2.658021839387197,-110.0,0.6873752826532966
1.748096663132674,2.7025253585100497,-99.0,0.7251730803154465
1.6425045257638344,2.741074529577013,-95.5,0.713855534589175
1.5574353691221903,2.7517103854296328,-94.0,0.7375552069562796
1.4919931814076244,2.791814568755119,-92.0,0.7373738559111348
1.377206928814972,2.8024568478147165,-93.5,0.7355429506148664
1.1179125049461542,2.742201520016539,-97.0,0.7708585129880907
1.2979192548333525,2.8112999912472705,-93.0,0.7427418669240172
1.2423979757476455,2.807808375461911,-92.5,0.7839066383321786
1.1020305054955457,2.7797583506800625,-100.0,0.7425242877027852
1.0463715451223834,2.775658395105191,-100.0,0.7639252330292976
0.9581055388933084,2.784821461459467,-101.0,0.7792941053050614
0.8788351642430752,2.7782928373825904,-101.0,0.7622203844289616
0.8161826950201857,2.817202267714845,-100.5,0.8229959535303302
0.767504665496725,2.801820629978265,-101.5,0.816855073182975
0.7254228979906162,2.798322963787747,-114.0,0.8065739485986957
0.5632501099129636,2.9969990310909793,-165.0,0.8845054815192284
0.6750124943932334,2.794887944211719,-134.0,0.8086491819205641
0.5743384816040824,2.869115977158848,-159.63439236901442,0.7810806696331377
0.5688109571525419,2.9385714514769825,-166.0,0.8854937082146748
0.5469264647090436,3.097173748472749,-165.0,0.9050866787967828
0.494553129978579,3.178750169833134,-173.0,0.8475548635200919
0.4989965923797818,3.2331638058208814,174.5,0.8423182734681817
0.5084581794529787,3.311737131028088,166.0,0.8440067970522895
0.5201180954042559,3.3973824163641995,165.0,0.8722060103119248
0.5386742260215645,3.477585040280348,165.5,0.8461225929492686
0.5703695127331043,3.5762316222791326,167.0,0.8887747699843814
0.6072769229419835,3.6826979739570214,168.5,0.8856805359121008
0.6271579025584968,3.776826342992211,169.0,0.9102854528857385
0.6623990269954865,3.883844820456518,169.5,0.9014293868345152
0.6707091828943635,3.978111482141011,169.5,0.91332732707623
0.618936996379958,4.068408349575277,129.5,0.8408785858234585
0.6621239709194291,4.035816149659633,158.0,0.8849117293501978
0.6177837788526087,4.105689221898831,98.5,0.7696796698609019
0.6460093224136781,4.13757899093022,77.5,0.777364231799991
0.7235800703225059,4.126241158113263,74.0,0.8688849981390544
0.7946190442183607,4.114791863336962,73.5,0.8417106206224275
0.8871243155074499,4.075774864797937,74.0,0.8545000979681856
0.9537161966934505,4.065278749481082,77.0,0.8731511697243346
0.9975313778633944,4.054115680079755,89.5,0.8859460096133723
1.0496869522160914,4.0520574506749965,106.0,0.8780983796871409
1.0279889934802693,4.02441640791049,104.0,0.7686951601278132
1.1230835069610492,4.0471332586017015,108.5,0.8099672399218655
1.2089023082075736,4.102960594552957,105.5,0.8282956876228476
1.3582428307788559,4.131851777728802,96.0,0.8281227692490425
1.427335104238159,4.137059125994847,81.0,0.7626823388680486
1.5018274713173836,4.1593174829495645,62.0,0.8351767286624117
1.5435576468672692,4.113964985089489,62.5,0.8665341300123394
1.6168290445206592,4.10401347745482,64.5,0.854373221445388
1.6451631167052867,4.069256876452768,76.0,0.8584780216817439
1.672480998863041,4.051947087312773,87.5,0.9052201827502647
1.712031379392648,4.060547912847144,91.5,0.8742088820102659
1.7961844075404545,4.053498402711742,91.0,0.8748565903448104
1.9054016891055574,4.057934534687158,92.5,0.8877494170595925
2.001552663083319,4.0656340577226056,94.0,0.9067627764052587
2.109708483668234,4.0720668113018474,95.5,0.8721564242761325
2.1855147596932976,4.078531391069287,104.0,0.8941156817067604
2.2154667194296978,4.0924010222194,118.0,0.9149734101406178
2.2490649900925375,4.0818765686323815,135.0,0.8910599688957079
2.2928512841203927,4.09363661753132,162.5,0.8276256757941299
2.282302754187834,4.0659303641002,-161.5,0.6879126384275129
2.3106850198313924,4.077575843747875,-122.5,0.7897060585818686
2.3337884210680415,4.09582928466092,-103.5,0.8545358661547053
2.294285147661455,4.095302802529844,-95.0,0.8509398021905533
2.2174796328218886,4.098465864861433,-89.0,0.9176165409460602
2.038733493009083,4.09135852387954,-84.0,0.9129905171558965
2.14673562853163,4.100147511782557,-85.0,0.9031603599554383
1.9473483658911328,4.085145013327785,-83.0,0.905846638747003
1.8522885038570334,4.066291675025096,-81.0,0.8536988386629052
1.7601091059340226,4.047066419118341,-78.0,0.8651365364849658
1.6501725697613443,4.030535744119479,-72.5,0.8292564418665858
1.5626867430003448,3.997954179784813,-67.0,0.8673813569479845
1.4527575163525397,3.951215392497379,-61.0,0.8752440393439375
1.375533426414411,3.9076343257259034,-54.24575682673466,0.8287596726133571
1.1997848224688985,3.7708342570610034,-39.0,0.8077275621664165
1.2755534498093468,3.8407885073234342,-46.0,0.8473131663166329
1.0819329964682214,3.611850358759905,-29.5,0.8070981451088142
1.1533698524698346,3.695457236690963,-34.5,0.7872192305611175
1.044419700556959,3.525678814682172,-22.5,0.8244684093096369
1.0299990529592846,3.5118230125465453,-13.0,0.8321306040737277
1.0111346940494061,3.420613535997937,-20.5,0.8146932275885013
1.0171572036057988,3.476960640350567,-12.5,0.8431946821925405
1.0041756091188474,3.4292760075980864,-13.5,0.8166774532537546
1.04324805556568,3.397462610978941,-21.5,0.7400273248117561
0.9949962436616484,3.4027974743408045,-19.5,0.7647320693985246
0.9899930470500228,3.3678734286047742,-19.5,0.7691614537089555
0.9811117184497798,3.30794789324951,-19.5,0.7676692090640181
0.9320824457437626,3.2252671694426414,-18.5,0.8127928365805434
0.9348254392369242,3.185855787577527,-16.5,0.8088859907432773
0.9160055737236118,3.1566047518288647,-13.5,0.811442231470947
0.9160055737236118,3.1566047518288647,-6.5,0.8307926386531249
0.8979710865369851,3.146531435026011,5.5,0.7773640026981528
0.8878089636608981,3.1400499444582595,28.0,0.6761299082942811
0.8593862721613396,3.1531303638316652,48.5,0.727091722754682
0.8720615102969286,3.1212702005108053,50.5,0.7517664611563689
0.9118351588013756,3.05949515796345,53.0,0.7131760436642971
0.9971728089091946,3.004154062683791,54.0,0.7387645355105046
1.0690726295841597,2.961421928592779,60.0,0.7522966345805334
1.0655577412505208,2.921292274422208,73.0,0.7570203933155043
1.1025605009087396,2.9262654669854653,81.5,0.740835775614396
1.1247717485655113,2.8997798811952444,85.5,0.7380198041701905
1.2159444001155213,2.905995016654023,85.5,0.7228333729021145
1.3040759960545976,2.895797859535542,85.5,0.74431695657164
1.5717740075530162,2.854554218147097,89.5,0.8123698962661687
1.3701141696540038,2.875265748855895,88.5,0.760699945569899
1.7100176892554646,2.8503539248060177,79.5,0.807189449863992
1.4715254766590475,2.867953202079975,89.0,0.7662189426344242
1.648246274970796,2.861890927802179,87.0,0.8139973379808537
1.8851748134912643,2.9127353934826634,44.5,0.7529439867979013
1.7987622481348386,2.8614715062122764,62.5,0.7428835454224343
1.9370596400018476,2.8394792989304207,32.5,0.7905649140932026
1.9869632946458327,2.7488181556367612,34.0,0.7674340715186252
2.0409912471330744,2.690874763416536,33.0,0.7720606705673222
2.13107633962306,2.434618525393823,9.5,0.8269383359444789
2.075135717990017,2.5490368994754977,26.5,0.8273218672456729
2.13444575307599,2.490146729222446,11.5,0.8588782418840479
2.137255398158012,2.4749637414246006,9.5,0.8338161074758276
2.1337730246427933,2.4097866430150017,8.0,0.834606183246615
2.1431164099641373,2.336443214023121,6.0,0.8068049549373322
2.1354954572488163,2.3100658769649334,5.0,0.7972740948268382
2.1457096630181636,2.2314315625445933,4.0,0.8006939533839644
2.1401117063018855,2.14846879955673,1.0,0.7830267067382649
2.119459678317954,2.121856194847438,-7.5,0.7539709809599809
2.1374487666250404,2.041230778788833,-28.662218027212134,0.7423049677606981
2.1332247544047704,1.9669696237999406,-55.0,0.7028174282979109
2.0460221554365337,1.9114418870276402,-67.5,0.7628388295547134
1.9703724079007943,1.8945293598057944,-69.5,0.757374914371804
1.913854968259506,1.840959556445291,-69.5,0.7717181971724841
1.840620955567879,1.8174252333952856,-72.5,0.7172964787845661
1.7970609588495419,1.7911983665311577,-85.0,0.7438702418326161
1.698208581251754,1.76887123620172,-102.0,0.7278921971293729
1.612270221690737,1.7874775299573296,-111.5,0.7860515165762362
1.5336977761773793,1.8315658502011274,-111.0,0.7532081803162151
0.8575932109464272,2.0057130454690206,72.5,0.7067747675656124
1.41619575515658,1.8784128494622077,-106.5,0.7216695419821043
1.3531387787816542,1.8943930498252175,-99.5,0.7243105467938503
1.3538483984214698,1.915925123960021,-90.5,0.7315507954926757
1.269841528114762,1.9068292823308743,-90.5,0.7591800506370716
0.8248274268057619,1.8653232564183575,-87.0,0.8923187083511621
1.2259187963608378,1.9069507418410243,-90.0,0.7696170531864028
1.1268819599051036,1.8808352368800796,-89.0,0.782546471364093
1.0208685831355724,1.888658775626103,-89.0,0.8370734267022122
0.9247838712897637,1.8682382963195783,-89.0,0.7919186259680162
0.7443922436733426,1.8562701151508176,-87.0,0.8475622236803431
0.6670697551330992,1.8454614887791907,-97.0,0.8748359899851315
0.6138555241278085,1.8658727071559165,-112.0,0.8693207726540272
0.5183412670379761,1.9036581133629698,-146.0,0.8594683739820927
0.39927700603162153,2.078774448482018,140.0,0.6939939981028619
0.4412660254805988,1.9428210974559788,-172.5,0.8070579277192719
0.4397581195406868,2.136628912625353,122.5,0.6659619223340247
0.5167422127699067,2.1969190846133557,124.0,0.7078664852168987
0.5167422127699067,2.1969190846133557,124.0,0.6703998435747379
0.534945853373212,2.186770716731777,142.0,0.6812186246817001
0.5499578210903406,2.224864133272913,146.0,0.7717355455653429
0.5209639026215257,2.1936925351375205,146.0,0.7203957089759128
0.6104868754135084,2.276536325850539,147.0,0.7346009904783414
0.6533811611535659,2.3572541872220003,147.5,0.7786671646708625
0.6654919441737109,2.37956597720088,151.0,0.726332591525376
0.6592327909953694,2.375890993003543,151.5,0.7073617943375388
0.6592327909953694,2.375890993003543,151.5,0.7207994568920004
0.6592327909953694,2.375890993003543,152.5,0.7672001556020065
0.6654581484769522,2.3552928785268095,158.0,0.8059096973515762
0.7255181238571683,2.484118413984724,164.5,0.8103040573417539
0.6597910793254002,2.3410170656797433,160.0,0.7741067877961089
0.663439402702683,2.372624011948038,160.5,0.8137901225458447
0.670166471659677,2.4326275124997405,159.0,0.7902625027035037
0.7280190965704265,2.526050184294996,164.0,0.8320772374734013
0.7424077556757048,2.5904317279920765,165.0,0.8336329868996881
0.7796088755964716,2.6384183770481995,169.0,0.766087373236161
0.7665931679073201,2.6548909481125635,172.0,0.7904478503617128
0.7890545215107893,2.657407107248431,176.5,0.7906827657803712
0.7522329622734908,2.7196844741433512,174.5,0.8176437206437918
0.7963123303730846,2.7593676295067544,177.0,0.8456267872405631
0.8048641319421442,2.8396579755606544,178.0,0.7991848876007019
0.781852086217956,2.958752101126773,177.5,0.8618959269823302
0.8023609258239681,3.0333529015413028,180.0,0.8799535197736705
0.7946507722558876,3.151268130946904,180.0,0.8783733040725303
0.798061114704232,3.1955945221016164,-179.5,0.8743663009898195
0.8234639141565139,3.275398728897598,-177.5,0.8874738252249949
0.8044672477027665,3.363517149673841,-178.5,0.8667061223483364
0.8072532366393408,3.4408222787586307,-178.5,0.8811206389405817
0.7904287123403253,3.4950910544904725,171.5,0.8560555917523966
0.7835938591449702,3.5388871889388387,151.5,0.8387660469726064
0.7933820440905734,3.6043597856772127,133.0,0.8393482347559993
0.8486403253924862,3.6635392745527904,132.5,0.8896118737031163
0.9258659589022197,3.702851577672138,132.5,0.8534697542364378
0.9685203139279622,3.7937833057771333,99.5,0.8203680191861448
0.9428570112229361,3.763101844022676,118.5,0.8372206288897438
1.0470084786475995,3.8296621909996853,91.35554723939157,0.8786489926037696
1.1265737545454277,3.8415428017944655,91.5,0.8412144205408003
1.1877759323618253,3.826117654218331,94.0,0.8411855166946212
1.2314648208992236,3.8262104184255548,99.5,0.876431378622467
1.257087281959104,3.8437224920620956,106.0,0.8640726171321724
1.2971810324337354,3.8412624490675937,117.03426728961199,0.9136951588179234
1.360050426116935,3.849634831463252,119.5,0.8767047517011968
1.41400536425242,3.897737287434322,116.0,0.9111541441707127
1.470249576997842,3.9128301344892864,112.60171787330802,0.8958851013175506
1.5306651930499533,3.941566174810869,109.5,0.8679873402857856
1.5962962333865862,3.9696347002769024,100.5,0.8582969804520069
1.6569826418214857,3.986690138810682,95.5,0.8425948019751087
1.7343805995324293,3.9874768624445696,96.5,0.8498834458535567
1.8385701418180953,3.990628123163812,98.5,0.8657559776013447
1.9365009401608235,4.012676418169761,98.0,0.9197028968678859
2.013969319278597,4.03291146850321,97.5,0.8949160837676142
2.1313803100762962,4.03674276859381,99.0,0.8696491895614701
2.172393324458753,4.05410375268652,102.0,0.9050422875811228
2.1961299002592627,4.052355095752747,111.5,0.9365696774015101
2.213551495813196,4.059108791129323,125.5,0.8971784553946506
2.2518652532774976,4.045206240248911,148.5,0.8448330820228498
2.2341823616895065,4.033294748120172,-179.0,0.7662287868683623
2.28007794209298,4.039017094140897,-147.0,0.6927131139652842
2.28844448393089,4.052404745771408,-135.0,0.7785024110880258
2.2846223084548742,4.0853975600809145,-123.5,0.8200514422663523
2.264504690777136,4.105266575819819,-110.0,0.8350107941330895
2.258567472954203,4.117252066536965,-89.0,0.9077418118648121
2.243995243393808,4.125355874126882,-78.0,0.906972347636582
2.181111317309921,4.118561872981475,-77.0,0.9304463039155577
2.0610948769908397,4.094485851896286,-76.5,0.9056772371563955
1.9711340453993111,4.070751461246587,-75.5,0.9422356979609049
1.8532270418792511,4.033109709936988,-75.0,0.849804980922401
1.760568715298659,4.016594192238887,-74.0,0.8364007684806293
1.585159252666882,3.9646595989394364,-73.0,0.8050792923927754
1.4067047067962417,3.898979821336705,-71.5,0.8168254008364575
1.6799180267105502,3.9811029655858743,-74.0,0.8496688862828715
1.4851840658894644,3.9353293450606435,-72.0,0.8147971779192023
1.3149867998788525,3.8576340369038995,-71.5,0.8286437962067367
1.204248663169354,3.826761373890819,-70.5,0.8498997697778022
1.1048556911445842,3.8081814349253356,-70.5,0.8579129715443208
1.017435478352382,3.7704710927785072,-69.5,0.830241873140107
0.9437412719659877,3.7230945071487898,-68.5,0.8014923083512556
0.8973052814366715,3.710853388016283,-60.0,0.8001970952801366
0.8718527747832464,3.704890914292511,-50.5,0.7676729410859003
0.809972713610747,3.6653021740153395,-39.0,0.8534736333349857
0.8438180101953785,3.706723257749911,-42.0,0.789527387140829
0.7892122995914725,3.6436908487202317,-29.0,0.8269231217754742
0.7775119320722279,3.6264164631027693,-21.5,0.8233738017631699
0.7623691643036682,3.6203391005419876,-12.5,0.8201763994482474
0.7558938330953693,3.5898388270701425,-9.0,0.815168437931116
0.7598085323971967,3.5328205225769613,-8.0,0.8033793477873119
0.7454338215563708,3.441605195699478,-5.5,0.760060689217845
0.7409263516833058,3.3631909179842974,-0.5,0.7731305986054796
0.7318782114642722,3.341130932906819,9.0,0.7921536122679573
0.7374214134613395,3.3421335770433336,23.0,0.7760897440783946
0.7184569351136373,3.2969904200928393,29.5,0.7965584096856164
0.7485869373975457,3.281019810726749,35.5,0.7775960323101653
0.7880185372653823,3.219474711872776,53.5,0.7172993185786128
0.772820469165248,3.2308317916638893,64.0,0.6911412471251271
0.8345121046432636,3.157453892109358,65.5,0.7231114111078096
0.8892889080791889,3.1390635363010126,64.5,0.7295750761469235
0.9757147979064226,3.0880431188480233,64.0,0.7080323424834261
1.2123032331055326,2.9685571251399137,65.5,0.789662335414837
1.0370947826519477,3.051885906199069,64.0,0.7791778540893226
1.1063750323542423,3.004674780159595,65.0,0.7701580411884039
1.290633210091121,2.9211785685798834,66.5,0.7648493936368722
1.389750266637739,2.8865017900194023,67.0,0.7765967967748706
1.6277355432938263,2.7988070692486975,67.06265928554987,0.7403469071310258
1.481942350190092,2.8428751644955454,68.0,0.7676580937691662
1.7283371080980132,2.76274141544393,63.5,0.7667340392492533
1.754036539480466,2.7166708252725953,65.5,0.7959811822890157
1.8169252600992156,2.7066919249737302,54.5,0.7459412475755459
1.997380298825647,2.465248157540228,6.0,0.7647809691020273
1.8847429977364498,2.654663584884325,38.0,0.7440118673290158
1.9354336136151586,2.6786653955150372,21.5,0.7222123403930059
1.9775315502595827,2.4900435559701997,16.0,0.7874233591308958
2.062418072304337,2.3471960311637425,-18.5,0.7335954851785336
2.0027450863449183,2.3172242752224785,-29.5,0.7152876034402892
1.9678993912602034,2.2787681210924866,-30.5,0.7275194324783129
2.000051298040239,2.1699855645120394,-44.0,0.7459575041085209
1.9662665709196134,2.1249689816759947,-58.0,0.7190091854447046
1.878950882711679,2.0805117472734853,-64.0,0.7894360951705429
1.8414086189066614,2.0498607450552475,-68.0,0.7837256260528374
1.7274801487295874,2.03724041378029,-65.0,0.7264788539052454
1.663700478088169,1.9664249912412017,-63.5,0.7637519670333235
1.571525043494947,1.8902021157987055,-64.0,0.772374109534958
1.5111585124794735,1.906599093655546,-71.5,0.7754149605118899
1.4506003779818275,1.867134189074966,-87.0,0.7573136380880726
1.3797585328107589,1.868432592092747,-90.5,0.6893609857022266
1.2924764681415142,1.8368347986224955,-89.5,0.728561249248819
1.1763964279863763,1.8579205961861933,-90.0,0.7814134312674357
1.070949767649389,1.8348837002115597,-89.0,0.7959591761551079
0.6594036630240435,1.801397810490009,-84.5,0.8294425998571529
0.9534895530764472,1.8259668614188465,-89.0,0.8650008026391082
0.8272940462846639,1.8260410228140629,-88.0,0.8553554269360953
0.7463168086829914,1.807737011324417,-86.0,0.8725215848858113
0.6430239093606568,1.80506025364816,-79.5,0.8245504526332985
0.6298524382855208,1.7964948020808,-74.5,0.8499124536620214
0.6298524382855208,1.7964948020808,-77.0,0.8532492472148911
0.639501014745933,1.800268311106041,-76.0,0.8824266803361105
0.6318203174790497,1.8015728177899482,-64.0,0.8633569706630516
0.6432122405725079,1.816251652654238,-56.5,0.8405011704932358
0.4645104283084175,1.7005961301027972,-46.0,0.8575061366114682
0.6046786276542252,1.8094489680157246,-54.5,0.8533683768479965
0.5596361685417678,1.7683192396874767,-54.5,0.8562872240114022
0.5070694577682917,1.7061490511195647,-52.0,0.860688224883498
0.45174308074447006,1.6739257701188217,-48.5,0.8296030579717255
0.4187820480085074,1.6378061037279643,-32.5,0.8314325518021277
0.44913032678195014,1.6784484450654404,-40.0,0.8199458208254516
0.4599162555454294,1.6980598064490833,-33.5,0.8749506352893539
0.45352605653056444,1.6853284280971428,-33.0,0.8511108598055412
0.3733448849417205,1.5576650870601356,-30.5,0.8035457552018042
0.3646113062161466,1.5313958212842096,-25.0,0.8261986134949154
0.35446930100458446,1.5532905712269853,-19.0,0.7999383247636263
0.344748948852312,1.5383201992845579,-5.5,0.8190096685399826
0.33700176043350705,1.4828035813272225,-3.0,0.7480242206959382
0.3265189568244859,1.4464065167423708,-1.5,0.8610124019371349
0.35048040434216166,1.3949258720989337,-3.0,0.8320502765552679
0.34330444372145147,1.3113292684177873,-2.0,0.7583390533026102
0.3309644210263294,1.1878550867263056,-0.0,0.770930055495947
0.341607574924399,1.11200280466353,1.0,0.8189111281805691
0.37102995640493996,0.9103083797048278,3.0,0.8064876034118241
0.3547506770561851,1.006375907673921,2.0,0.8111366349504601
0.3727451774624074,0.7390111601712266,8.0,0.76124801310908
0.3963122603816758,0.6232846789748546,11.5,0.7342544142618408
0.4310900025171792,0.4346301840039806,13.0,0.7405061243532561
0.3889155656294672,0.5280785958570872,15.0,0.7388050928189722
0.44437922905864763,0.36467944004302555,6.5,0.7660750640109989
0.42648229545981464,0.3038180051977663,2.5,0.8350087536805546
0.46017043405170244,0.3015149009208887,3.0,0.8268567980999315
0.40333548840124833,0.31386135353775,1.0,0.825764044364994
0.4508891069999891,0.3499496795662836,-0.5,0.8261173609590371
0.4654368615776103,0.39856015225801017,-6.0,0.8011291728114375
0.49775621343728144,0.46412918984435825,-13.0,0.8001018746664843
0.5227283081958625,0.5333865131728759,-21.5,0.7780950853835669
0.547096027479702,0.5930299685503474,-25.5,0.7588059118550526
0.5609450812263853,0.6553872285837912,-33.689089344905,0.7240127416092792
0.6260044051791867,0.7098085389019204,-35.5,0.6935951591424744
0.7120171058279146,0.7459983375876613,-39.0,0.7561103056720451
0.7394958688125356,0.7960878956725611,-42.0,0.8778658612748637
0.7767889420804986,0.8919272265842689,-52.0,0.8383212736010826
0.9067922603095449,0.954447002838648,-56.5,0.7754842378105383
0.9586726144022205,0.9843837751879818,-62.5,0.788961225151426
0.961521884845247,0.9839188208131189,-63.0,0.7834647602940501
0.9606002376687155,0.994064044785109,-60.5,0.7749856308559145
0.9968052207806622,1.0313998664307795,-54.0,0.8053954033575579
0.9734647404780224,0.990483160923773,-53.5,0.7810419184356739
0.9976174931501564,1.0320034517718324,-52.5,0.8312202174022899
0.9976174931501564,1.0320034517718324,-52.5,0.8294736457978877
0.9883908095244194,1.036076220914705,-59.5,0.7763483678618961
1.00748194548958,1.016472604678432,-72.0,0.7600575918183418
1.004779209210275,0.9557466307854388,-80.0,0.7517671088361617
0.9277582310303856,0.995354826870176,-81.0,0.7566704636182471
0.8534572869815025,0.9872355304492642,-79.0,0.755668484153521
0.8092853070876407,0.964070547339956,-84.0,0.7655947338683359
0.7569632724042943,0.8443797028207433,-98.0,0.794073794526186
0.5626446501029879,0.9534633616342378,-120.5,0.7915295885891213
0.6958391655203494,0.9295838631460195,-116.5,0.8228098042709558
0.6457930383559102,0.9545670778222699,-121.0,0.7981520850260386
0.6095840864747862,0.9359445868830608,-120.0,0.7715104744513546
0.5131659870027467,1.0041830167410237,-124.0,0.8089043269852748
0.4754504350553847,1.0410279308954906,-136.0,0.7740173114431793
0.4402443717184117,1.0113786489105228,-149.5,0.8369231202411953
0.4031993396123614,1.0796546965925813,-164.0,0.8088228914139974
0.39121355820718107,1.1354025955387639,-164.0,0.8462839846218416
0.3641859655646355,1.178110362320993,-162.5,0.8045123075075498
0.361154879245087,1.256771103841819,-164.0,0.7846431690496332
0.34783858285433494,1.325841854861765,-168.0,0.7790585533210767
0.3322744811783569,1.3205400166334638,176.0,0.7559460913672698
0.3392862311398863,1.371017869671899,159.5,0.7974058096288479
0.3174743438722891,1.4236361577512124,156.5,0.7788806751390538
0.3507142977537497,1.3802142303000546,159.5,0.777660753959713
0.32644491480870186,1.447271681085247,158.5,0.8014195120692507
0.32644491480870186,1.447271681085247,158.5,0.8043432582871768
0.3300079510657878,1.4449106517473402,159.5,0.8495074539959071
0.342653959750523,1.3941102858021932,166.0,0.8377235121016204
0.3286206357749764,1.3764099450830043,168.0,0.8224674535567033
0.3254519902652036,1.3773219596302846,168.0,0.8216678340506466
0.33980728866911375,1.3759585088684487,168.5,0.810366079189451
0.3651006462243384,1.4107059801592818,170.5,0.8022021976837876
0.3747398466777809,1.4975817673896215,170.5,0.7827387870924558
0.36857305238625454,1.6413769101197562,167.0,0.803315177886885
0.38675604196783275,1.6925126101301302,162.5,0.734557827098464
0.3305967102253645,1.7499755599025582,144.24725437937713,0.7101618474138244
0.37874296817470965,1.8206405951528883,121.0,0.7096549150541281
0.4147749115980708,1.8728813564223392,101.5,0.7131317877517677
0.45711190677139596,1.904019707790555,98.5,0.6856588564131476
0.4551094040369073,1.9000657972345982,98.5,0.6866188029934676
0.44253056563319115,1.913575592593483,97.0,0.6179695048895721
0.3042259005177972,1.8926538680927227,94.0,0.6932437952712491
0.32496135964506684,1.880713087703056,95.5,0.6702029853366673
0.3901198952406549,1.8978688715699017,95.5,0.6527874465379091
0.4812254024985443,1.8907412017681116,96.0,0.6326076845341547
0.6000169677810393,1.888093501152362,97.5,0.6195633182935686
0.6676236877165866,1.9029030237063527,99.0,0.6336595622139154
0.7496158709610559,1.9239966835951954,100.0,0.6855428080048466
0.8368285879559747,1.9519294829819391,100.0,0.6829367996028741
0.9378763198166287,1.9751847068740562,101.0,0.7206522866674973
1.0538401077192343,2.008198303262339,101.5,0.7661105243809265
1.1479490080834325,2.03847454669324,101.5,0.7907106642425803
1.2405015168952949,2.064727444494942,102.0,0.8162617000979291
1.317050512919289,2.089907389250846,102.0,0.8140883379607995
1.3998992650038486,2.117753494507823,102.0,0.8419053148790758
1.3998992650038486,2.117753494507823,102.0,0.8314595874650847
1.4551010840667207,2.130188595811988,101.0,0.8302187702123963
1.5489311480233052,2.151494474397472,103.5,0.8514169638477032
1.6482583660226164,2.162221135351161,105.0,0.8632639140592616
1.7498975382377489,2.1795175282016137,103.5,0.8783095007054623
1.8430365995588778,2.189178901205226,104.0,0.8602561003437503
1.8719762052900126,2.201751353378116,109.5,0.8510168116665935
1.87743056845439,2.2063187662135237,111.0,0.8628879189365005
1.797149273950072,2.121524018230504,145.0,0.8436239664308722
1.8709250614324358,2.1940945215674885,117.5,0.8425394316530435
1.8617234214575265,2.211368359563505,125.5,0.7950918887826517
1.8318027283493667,2.190537239712111,137.0,0.7881000177080881
1.8028340865398522,2.1295344594192813,145.5,0.8587949444452003
1.8505647964588352,2.2061730535484916,149.0,0.8353972667177544
1.8493089276591466,2.2143486016748932,148.5,0.7951311046665369
1.8493089276591466,2.2143486016748932,148.5,0.8003262463562177
1.8458376374505692,2.163048001942063,145.0,0.8257928546026105
1.792742861712202,2.118815218826378,144.5,0.8534176601101435
1.7126765333233465,1.9666604478451706,147.0,0.8367350102670872
1.7707763813588522,2.07533193484076,146.0,0.847907840214453
